agente,rodada,regret_acumulado,ganho_acumulado,taxa_acerto
Epsilon-Greedy,0,0.255,0.0,0.0
Epsilon-Greedy,25,11.474,55.116,0.2692
Epsilon-Greedy,50,17.404,131.923,0.4118
Epsilon-Greedy,75,19.414,205.947,0.5395
Epsilon-Greedy,100,25.469,272.69,0.5842
Epsilon-Greedy,125,27.765,342.645,0.6349
Epsilon-Greedy,150,30.019,410.516,0.6755
Epsilon-Greedy,175,33.448,470.611,0.6932
Epsilon-Greedy,200,36.146,555.702,0.7114
Epsilon-Greedy,225,38.573,644.792,0.7257
Epsilon-Greedy,250,43.058,697.348,0.7291
Epsilon-Greedy,275,47.479,759.44,0.7319
Epsilon-Greedy,300,48.375,821.714,0.7442
Epsilon-Greedy,325,51.08,895.12,0.7515
Epsilon-Greedy,350,52.326,985.344,0.7635
Epsilon-Greedy,375,55.887,1058.802,0.766
Epsilon-Greedy,400,60.835,1126.892,0.7631
Epsilon-Greedy,425,63.05,1180.046,0.7653
Epsilon-Greedy,450,65.412,1246.985,0.7738
Epsilon-Greedy,475,70.87,1310.186,0.7731
Epsilon-Greedy,500,73.547,1364.995,0.7725
Epsilon-Greedy,525,76.256,1430.709,0.7776
Epsilon-Greedy,550,77.989,1509.254,0.7786
Epsilon-Greedy,575,82.486,1577.108,0.7812
Epsilon-Greedy,600,85.772,1662.598,0.7837
Epsilon-Greedy,625,90.139,1734.403,0.7875
Epsilon-Greedy,650,94.102,1789.191,0.7911
Epsilon-Greedy,675,99.763,1864.491,0.7899
Epsilon-Greedy,700,106.508,1934.191,0.7889
Epsilon-Greedy,725,107.876,1998.504,0.792
Epsilon-Greedy,750,111.566,2065.487,0.7936
Epsilon-Greedy,775,113.185,2121.529,0.7951
Epsilon-Greedy,800,115.072,2190.149,0.7965
Epsilon-Greedy,825,117.195,2269.45,0.8002
Epsilon-Greedy,850,119.033,2337.407,0.8026
Epsilon-Greedy,875,119.033,2407.315,0.8082
Epsilon-Greedy,900,122.661,2474.312,0.8102
Epsilon-Greedy,925,125.202,2527.589,0.8099
Epsilon-Greedy,950,125.202,2617.7,0.8149
Epsilon-Greedy,975,127.446,2692.252,0.8186
Epsilon-Greedy,1000,127.446,2758.264,0.8232
Epsilon-Greedy,1025,128.494,2811.664,0.8255
Epsilon-Greedy,1050,128.556,2887.632,0.8287
Epsilon-Greedy,1075,134.956,2966.439,0.8271
Epsilon-Greedy,1100,137.199,3036.516,0.8302
Epsilon-Greedy,1125,139.295,3113.788,0.8304
Epsilon-Greedy,1150,139.998,3196.786,0.8323
Epsilon-Greedy,1175,140.792,3285.5,0.835
Epsilon-Greedy,1200,141.043,3360.799,0.8376
Epsilon-Greedy,1225,142.895,3408.72,0.8393
Epsilon-Greedy,1250,143.757,3481.44,0.8417
Epsilon-Greedy,1275,147.581,3552.217,0.8425
Epsilon-Greedy,1300,148.816,3615.208,0.8432
Epsilon-Greedy,1325,149.068,3667.186,0.8454
Epsilon-Greedy,1350,151.728,3743.458,0.8468
Epsilon-Greedy,1375,154.235,3811.012,0.8474
Epsilon-Greedy,1400,155.097,3894.138,0.8494
Epsilon-Greedy,1425,157.842,3957.155,0.8499
Epsilon-Greedy,1450,157.842,4042.804,0.8525
Epsilon-Greedy,1475,158.635,4113.718,0.8543
Epsilon-Greedy,1500,159.561,4200.908,0.8561
Epsilon-Greedy,1525,160.678,4269.38,0.8571
Epsilon-Greedy,1550,162.51,4342.725,0.8575
Epsilon-Greedy,1575,162.761,4426.113,0.8591
Epsilon-Greedy,1600,162.761,4500.161,0.8613
Epsilon-Greedy,1625,165.256,4571.82,0.8622
Epsilon-Greedy,1650,165.256,4636.215,0.8643
Epsilon-Greedy,1675,165.256,4714.95,0.8663
Epsilon-Greedy,1700,165.256,4775.241,0.8683
Epsilon-Greedy,1725,166.975,4832.102,0.8691
Epsilon-Greedy,1750,167.226,4890.915,0.8704
Epsilon-Greedy,1775,168.339,4971.961,0.8711
Epsilon-Greedy,1800,169.132,5061.839,0.8723
Epsilon-Greedy,1825,172.049,5131.066,0.8724
Epsilon-Greedy,1850,172.049,5193.68,0.8741
Epsilon-Greedy,1875,172.049,5280.557,0.8758
Epsilon-Greedy,1900,173.037,5338.675,0.8764
Epsilon-Greedy,1925,175.126,5397.015,0.8759
Epsilon-Greedy,1950,175.377,5462.912,0.877
Epsilon-Greedy,1975,176.673,5533.523,0.877
Epsilon-Greedy,2000,178.569,5593.93,0.8766
Epsilon-Greedy,2025,179.495,5661.365,0.8776
Epsilon-Greedy,2050,179.495,5727.774,0.8791
Epsilon-Greedy,2075,179.746,5802.506,0.8801
Epsilon-Greedy,2100,179.746,5891.312,0.8815
Epsilon-Greedy,2125,179.746,5959.941,0.8829
Epsilon-Greedy,2150,179.997,6036.061,0.8838
Epsilon-Greedy,2175,180.052,6111.939,0.8847
Epsilon-Greedy,2200,180.914,6185.969,0.8855
Epsilon-Greedy,2225,181.168,6265.455,0.8863
Epsilon-Greedy,2250,181.168,6335.731,0.8876
Epsilon-Greedy,2275,182.18,6402.692,0.8871
Epsilon-Greedy,2300,182.431,6492.036,0.8879
Epsilon-Greedy,2325,182.431,6562.511,0.8891
Epsilon-Greedy,2350,182.682,6633.603,0.8898
Epsilon-Greedy,2375,182.933,6699.429,0.8906
Epsilon-Greedy,2400,183.188,6780.926,0.8913
Epsilon-Greedy,2425,183.749,6846.728,0.8912
Epsilon-Greedy,2450,185.468,6908.258,0.8915
Epsilon-Greedy,2475,185.468,6978.091,0.8926
Epsilon-Greedy,2500,185.719,7067.429,0.8932
Epsilon-Greedy,2525,185.97,7125.874,0.8939
Epsilon-Greedy,2550,186.221,7199.005,0.8946
Epsilon-Greedy,2575,186.221,7291.673,0.8956
Epsilon-Greedy,2600,188.527,7348.687,0.8958
Epsilon-Greedy,2625,189.28,7413.381,0.8957
Epsilon-Greedy,2650,189.531,7481.754,0.8963
Epsilon-Greedy,2675,189.531,7552.649,0.8972
Epsilon-Greedy,2700,189.531,7644.403,0.8982
Epsilon-Greedy,2725,190.034,7710.392,0.8984
Epsilon-Greedy,2750,192.277,7790.685,0.8989
Epsilon-Greedy,2775,192.277,7858.258,0.8999
Epsilon-Greedy,2800,193.139,7926.549,0.9004
Epsilon-Greedy,2825,195.513,8014.312,0.9002
Epsilon-Greedy,2850,195.764,8095.463,0.9007
Epsilon-Greedy,2875,195.764,8146.924,0.9016
Epsilon-Greedy,2900,197.346,8212.694,0.9018
Epsilon-Greedy,2925,197.597,8276.321,0.9023
Epsilon-Greedy,2950,197.848,8345.293,0.9027
Epsilon-Greedy,2975,198.099,8407.313,0.9032
Epsilon-Greedy,3000,198.099,8490.706,0.904
Epsilon-Greedy,3025,198.961,8558.112,0.9045
Epsilon-Greedy,3050,200.542,8607.045,0.9046
Epsilon-Greedy,3075,200.855,8687.009,0.9047
Epsilon-Greedy,3100,201.717,8767.563,0.9052
Epsilon-Greedy,3125,201.717,8837.68,0.906
Epsilon-Greedy,3150,201.717,8904.882,0.9067
Epsilon-Greedy,3175,201.717,8976.894,0.9074
Epsilon-Greedy,3200,203.012,9033.218,0.9072
Epsilon-Greedy,3225,203.515,9122.778,0.9073
Epsilon-Greedy,3250,203.577,9194.591,0.9077
Epsilon-Greedy,3275,203.828,9292.562,0.9081
Epsilon-Greedy,3300,204.69,9343.121,0.9085
Epsilon-Greedy,3325,206.274,9404.198,0.9086
Epsilon-Greedy,3350,206.274,9453.378,0.9093
Epsilon-Greedy,3375,206.526,9505.896,0.9097
Epsilon-Greedy,3400,206.78,9568.427,0.91
Epsilon-Greedy,3425,206.78,9620.901,0.9107
Epsilon-Greedy,3450,206.78,9686.89,0.9113
Epsilon-Greedy,3475,209.526,9775.14,0.9111
Epsilon-Greedy,3500,209.526,9847.615,0.9117
Epsilon-Greedy,3525,209.777,9903.149,0.9121
Epsilon-Greedy,3550,209.777,9972.104,0.9127
Epsilon-Greedy,3575,209.777,10038.559,0.9133
Epsilon-Greedy,3600,209.777,10091.152,0.9139
Epsilon-Greedy,3625,209.777,10154.833,0.9145
Epsilon-Greedy,3650,210.028,10223.578,0.9148
Epsilon-Greedy,3675,211.073,10309.164,0.9149
Epsilon-Greedy,3700,211.324,10374.402,0.9152
Epsilon-Greedy,3725,211.324,10462.824,0.9157
Epsilon-Greedy,3750,213.156,10514.081,0.9155
Epsilon-Greedy,3775,213.156,10582.067,0.916
Epsilon-Greedy,3800,213.658,10642.265,0.9161
Epsilon-Greedy,3825,213.658,10710.857,0.9166
Epsilon-Greedy,3850,216.153,10789.599,0.9166
Epsilon-Greedy,3875,216.404,10858.536,0.9169
Epsilon-Greedy,3900,216.655,10926.452,0.9172
Epsilon-Greedy,3925,216.655,11019.44,0.9177
Epsilon-Greedy,3950,216.655,11090.9,0.9182
Epsilon-Greedy,3975,216.655,11155.292,0.9188
UCB,0,0.255,0.0,0.0
UCB,25,7.143,59.231,0.5385
UCB,50,7.362,141.494,0.6863
UCB,75,7.362,217.529,0.7895
UCB,100,7.362,290.183,0.8416
UCB,125,7.362,362.434,0.873
UCB,150,7.362,432.559,0.894
UCB,175,7.362,496.083,0.9091
UCB,200,7.48,583.754,0.9154
UCB,225,7.731,675.02,0.9204
UCB,250,7.731,732.06,0.9283
UCB,275,8.125,798.179,0.9312
UCB,300,8.481,860.995,0.9269
UCB,325,8.599,936.891,0.9294
UCB,350,8.599,1028.36,0.9345
UCB,375,8.599,1105.379,0.9388
UCB,400,8.718,1178.298,0.9401
UCB,425,8.946,1233.416,0.9366
UCB,450,9.064,1302.598,0.9379
UCB,475,9.183,1371.139,0.9391
UCB,500,9.301,1428.403,0.9401
UCB,525,9.301,1496.826,0.943
UCB,550,9.775,1576.63,0.9383
UCB,575,9.775,1648.982,0.941
UCB,600,9.775,1737.757,0.9434
UCB,625,9.829,1813.875,0.9441
UCB,650,9.829,1872.625,0.9462
UCB,675,9.948,1953.468,0.9467
UCB,700,9.948,2029.913,0.9486
UCB,725,10.066,2095.475,0.949
UCB,750,10.066,2166.149,0.9507
UCB,775,10.303,2223.439,0.9497
UCB,800,10.595,2293.709,0.9476
UCB,825,10.595,2375.134,0.9492
UCB,850,10.713,2444.81,0.9495
UCB,875,10.713,2514.719,0.9509
UCB,900,10.713,2585.344,0.9523
UCB,925,11.069,2640.697,0.9503
UCB,950,11.069,2730.808,0.9516
UCB,975,11.069,2807.604,0.9529
UCB,1000,11.069,2873.615,0.954
UCB,1025,11.069,2928.064,0.9552
UCB,1050,11.069,3004.094,0.9562
UCB,1075,11.242,3089.127,0.9554
UCB,1100,11.242,3161.448,0.9564
UCB,1125,11.36,3240.697,0.9565
UCB,1150,11.479,3324.281,0.9566
UCB,1175,11.479,3413.788,0.9575
UCB,1200,11.597,3489.219,0.9575
UCB,1225,11.597,3538.992,0.9584
UCB,1250,11.597,3612.574,0.9592
UCB,1275,11.716,3687.057,0.9592
UCB,1300,11.716,3751.283,0.96
UCB,1325,11.834,3803.394,0.96
UCB,1350,11.834,3882.326,0.9608
UCB,1375,11.952,3952.269,0.9608
UCB,1400,11.952,4036.257,0.9615
UCB,1425,12.189,4101.782,0.9607
UCB,1450,12.189,4187.431,0.9614
UCB,1475,12.189,4259.138,0.9621
UCB,1500,12.189,4347.254,0.9627
UCB,1525,12.189,4416.723,0.9633
UCB,1550,12.426,4491.663,0.9626
UCB,1575,12.654,4575.074,0.9613
UCB,1600,13.092,4648.739,0.9569
UCB,1625,13.266,4722.773,0.9563
UCB,1650,13.266,4787.169,0.957
UCB,1675,13.266,4865.904,0.9576
UCB,1700,13.32,4926.14,0.9577
UCB,1725,13.32,4984.72,0.9583
UCB,1750,13.439,5043.667,0.9583
UCB,1775,13.557,5125.706,0.9583
UCB,1800,13.557,5216.378,0.9589
UCB,1825,13.557,5288.522,0.9595
UCB,1850,13.557,5351.135,0.96
UCB,1875,13.557,5438.012,0.9606
UCB,1900,13.557,5497.119,0.9611
UCB,1925,13.794,5557.311,0.9605
UCB,1950,13.913,5623.341,0.9605
UCB,1975,14.149,5695.01,0.96
UCB,2000,14.149,5757.313,0.9605
UCB,2025,14.149,5825.674,0.961
UCB,2050,14.149,5892.083,0.9615
UCB,2075,14.268,5966.948,0.9615
UCB,2100,14.268,6055.754,0.9619
UCB,2125,14.268,6124.383,0.9624
UCB,2150,14.386,6200.636,0.9623
UCB,2175,14.386,6276.569,0.9628
UCB,2200,14.386,6351.46,0.9632
UCB,2225,14.441,6431.05,0.9632
UCB,2250,14.441,6501.326,0.9636
UCB,2275,14.678,6568.721,0.9631
UCB,2300,14.796,6658.198,0.9631
UCB,2325,14.796,6728.673,0.9635
UCB,2350,14.915,6799.898,0.9634
UCB,2375,15.033,6865.856,0.9634
UCB,2400,15.033,6947.421,0.9638
UCB,2425,15.206,7013.666,0.9633
UCB,2450,15.206,7076.915,0.9637
UCB,2475,15.206,7146.748,0.9641
UCB,2500,15.325,7236.219,0.964
UCB,2525,15.443,7294.797,0.964
UCB,2550,15.562,7368.06,0.9639
UCB,2575,15.562,7460.728,0.9643
UCB,2600,15.562,7520.048,0.9646
UCB,2625,15.917,7585.14,0.9638
UCB,2650,16.035,7653.646,0.9638
UCB,2675,16.035,7724.54,0.9641
UCB,2700,16.035,7816.295,0.9645
UCB,2725,16.272,7882.548,0.964
UCB,2750,16.272,7965.086,0.9644
UCB,2775,16.272,8032.658,0.9647
UCB,2800,16.272,8101.811,0.965
UCB,2825,16.391,8191.83,0.965
UCB,2850,16.509,8273.114,0.9649
UCB,2875,16.509,8324.575,0.9652
UCB,2900,16.628,8391.808,0.9652
UCB,2925,16.746,8455.568,0.9651
UCB,2950,16.865,8524.672,0.9651
UCB,2975,16.983,8586.825,0.9651
UCB,3000,16.983,8670.218,0.9653
UCB,3025,16.983,8738.485,0.9656
UCB,3050,17.101,8788.881,0.9656
UCB,3075,17.22,8869.017,0.9655
UCB,3100,17.22,8950.433,0.9658
UCB,3125,17.22,9020.55,0.9661
UCB,3150,17.22,9087.752,0.9664
UCB,3175,17.22,9159.763,0.9666
UCB,3200,17.457,9217.146,0.9663
UCB,3225,17.694,9306.972,0.9659
UCB,3250,17.694,9378.785,0.9662
UCB,3275,17.812,9476.888,0.9661
UCB,3300,17.812,9528.309,0.9664
UCB,3325,17.812,9590.971,0.9666
UCB,3350,17.812,9640.152,0.9669
UCB,3375,17.93,9692.802,0.9668
UCB,3400,17.93,9755.55,0.9671
UCB,3425,17.93,9808.025,0.9673
UCB,3450,17.93,9874.013,0.9675
UCB,3475,18.167,9964.64,0.9672
UCB,3500,18.167,10037.115,0.9674
UCB,3525,18.286,10092.781,0.9674
UCB,3550,18.286,10161.736,0.9676
UCB,3575,18.286,10228.191,0.9678
UCB,3600,18.286,10280.784,0.9681
UCB,3625,18.286,10344.465,0.9683
UCB,3650,18.404,10413.343,0.9682
UCB,3675,18.523,10499.855,0.9682
UCB,3700,18.641,10565.226,0.9681
UCB,3725,18.641,10653.647,0.9683
UCB,3750,18.878,10706.5,0.968
UCB,3775,18.933,10774.431,0.968
UCB,3800,19.17,10834.895,0.9676
UCB,3825,19.17,10903.486,0.9679
UCB,3850,19.288,10984.605,0.9678
UCB,3875,19.406,11053.675,0.9678
UCB,3900,19.525,11121.723,0.9677
UCB,3925,19.525,11214.711,0.9679
UCB,3950,19.525,11286.171,0.9681
UCB,3975,19.525,11350.563,0.9683
Thompson Sampling,0,0.055,0.022,0.0
Thompson Sampling,25,10.469,55.726,0.3462
Thompson Sampling,50,14.277,134.346,0.5294
Thompson Sampling,75,20.116,204.556,0.5395
Thompson Sampling,100,26.593,270.795,0.5446
Thompson Sampling,125,33.937,336.065,0.5238
Thompson Sampling,150,37.604,402.523,0.543
Thompson Sampling,175,43.261,460.452,0.5511
Thompson Sampling,200,46.621,544.881,0.5821
Thompson Sampling,225,50.302,632.718,0.6018
Thompson Sampling,250,57.262,683.122,0.5896
Thompson Sampling,275,60.976,745.951,0.5942
Thompson Sampling,300,63.825,806.327,0.598
Thompson Sampling,325,67.91,878.592,0.6104
Thompson Sampling,350,75.041,962.931,0.6097
Thompson Sampling,375,79.242,1035.858,0.6011
Thompson Sampling,400,81.829,1106.524,0.606
Thompson Sampling,425,86.752,1157.147,0.6056
Thompson Sampling,450,92.115,1221.34,0.6053
Thompson Sampling,475,95.111,1287.003,0.605
Thompson Sampling,500,96.146,1343.35,0.6168
Thompson Sampling,525,97.087,1410.872,0.6236
Thompson Sampling,550,102.989,1485.503,0.6225
Thompson Sampling,575,108.788,1552.297,0.6163
Thompson Sampling,600,113.292,1636.568,0.6173
Thompson Sampling,625,118.366,1707.666,0.6134
Thompson Sampling,650,121.15,1763.696,0.6144
Thompson Sampling,675,125.611,1840.524,0.6124
Thompson Sampling,700,126.49,1916.09,0.6191
Thompson Sampling,725,129.256,1979.06,0.6185
Thompson Sampling,750,135.04,2043.95,0.6218
Thompson Sampling,775,136.578,2099.868,0.6237
Thompson Sampling,800,140.936,2166.588,0.623
Thompson Sampling,825,143.62,2245.391,0.6271
Thompson Sampling,850,145.509,2313.379,0.631
Thompson Sampling,875,148.886,2379.972,0.6313
Thompson Sampling,900,154.873,2444.61,0.6315
Thompson Sampling,925,160.601,2494.591,0.6339
Thompson Sampling,950,163.207,2582.212,0.6372
Thompson Sampling,975,166.54,2655.722,0.6393
Thompson Sampling,1000,172.938,2715.57,0.6354
Thompson Sampling,1025,176.25,2766.707,0.6355
Thompson Sampling,1050,178.784,2840.457,0.6375
Thompson Sampling,1075,181.391,2923.057,0.6403
Thompson Sampling,1100,181.872,2994.897,0.644
Thompson Sampling,1125,184.445,3071.691,0.6448
Thompson Sampling,1150,187.322,3152.559,0.6438
Thompson Sampling,1175,190.627,3238.762,0.6437
Thompson Sampling,1200,196.784,3308.154,0.6428
Thompson Sampling,1225,199.087,3355.624,0.6419
Thompson Sampling,1250,199.959,3428.589,0.6451
Thompson Sampling,1275,202.377,3500.773,0.6473
Thompson Sampling,1300,204.536,3563.02,0.6503
Thompson Sampling,1325,205.079,3614.8,0.6523
Thompson Sampling,1350,206.662,3692.149,0.6536
Thompson Sampling,1375,209.95,3758.922,0.6577
Thompson Sampling,1400,210.383,3842.502,0.661
Thompson Sampling,1425,212.559,3906.172,0.6606
Thompson Sampling,1450,213.86,3990.52,0.6644
Thompson Sampling,1475,216.524,4059.564,0.6646
Thompson Sampling,1500,218.354,4145.849,0.6682
Thompson Sampling,1525,220.889,4212.782,0.6684
Thompson Sampling,1550,223.972,4284.877,0.6667
Thompson Sampling,1575,226.694,4365.983,0.6675
Thompson Sampling,1600,229.543,4437.182,0.6665
Thompson Sampling,1625,233.998,4507.134,0.6661
Thompson Sampling,1650,234.865,4570.725,0.6663
Thompson Sampling,1675,236.954,4647.57,0.6677
Thompson Sampling,1700,237.642,4707.338,0.6696
Thompson Sampling,1725,237.821,4765.856,0.6727
Thompson Sampling,1750,242.872,4820.124,0.6705
Thompson Sampling,1775,244.462,4900.747,0.6706
Thompson Sampling,1800,246.819,4989.063,0.6724
Thompson Sampling,1825,248.219,5059.806,0.6731
Thompson Sampling,1850,249.569,5121.124,0.6742
Thompson Sampling,1875,251.73,5205.84,0.6759
Thompson Sampling,1900,253.891,5262.786,0.6775
Thompson Sampling,1925,255.283,5321.997,0.6781
Thompson Sampling,1950,257.622,5385.867,0.6781
Thompson Sampling,1975,258.547,5456.93,0.6776
Thompson Sampling,2000,260.88,5516.9,0.6777
Thompson Sampling,2025,262.856,5583.32,0.6772
Thompson Sampling,2050,263.323,5649.316,0.6772
Thompson Sampling,2075,265.535,5722.342,0.6777
Thompson Sampling,2100,268.535,5808.211,0.6782
Thompson Sampling,2125,269.781,5875.594,0.6811
Thompson Sampling,2150,270.933,5950.868,0.6825
Thompson Sampling,2175,272.216,6025.579,0.6829
Thompson Sampling,2200,274.75,6097.996,0.6833
Thompson Sampling,2225,276.447,6176.233,0.6828
Thompson Sampling,2250,276.509,6246.447,0.6859
Thompson Sampling,2275,278.179,6312.779,0.6867
Thompson Sampling,2300,278.81,6401.79,0.6884
Thompson Sampling,2325,280.482,6470.593,0.6892
Thompson Sampling,2350,281.894,6540.535,0.6891
Thompson Sampling,2375,286.329,6602.293,0.6881
Thompson Sampling,2400,286.96,6683.227,0.6897
Thompson Sampling,2425,289.678,6746.928,0.6904
Thompson Sampling,2450,292.735,6807.181,0.6899
Thompson Sampling,2475,294.224,6875.677,0.6906
Thompson Sampling,2500,295.378,6964.113,0.6921
Thompson Sampling,2525,296.527,7021.721,0.6924
Thompson Sampling,2550,298.115,7093.702,0.6923
Thompson Sampling,2575,299.493,7185.247,0.6925
Thompson Sampling,2600,300.043,7244.071,0.6932
Thompson Sampling,2625,301.718,7307.898,0.6942
Thompson Sampling,2650,302.028,7376.213,0.6963
Thompson Sampling,2675,302.152,7446.983,0.6984
Thompson Sampling,2700,303.316,7537.573,0.6997
Thompson Sampling,2725,304.248,7603.132,0.7003
Thompson Sampling,2750,305.265,7684.962,0.7016
Thompson Sampling,2775,307.863,7749.936,0.7017
Thompson Sampling,2800,310.587,7816.62,0.7022
Thompson Sampling,2825,312.422,7904.922,0.7035
Thompson Sampling,2850,312.657,7986.152,0.705
Thompson Sampling,2875,313.809,8036.46,0.7058
Thompson Sampling,2900,316.961,8100.773,0.7056
Thompson Sampling,2925,317.368,8164.245,0.7061
Thompson Sampling,2950,318.938,8232.116,0.7055
Thompson Sampling,2975,319.63,8293.695,0.7063
Thompson Sampling,3000,319.933,8376.847,0.7071
Thompson Sampling,3025,321.385,8443.779,0.7069
Thompson Sampling,3050,322.987,8492.754,0.7067
Thompson Sampling,3075,323.213,8572.782,0.7077
Thompson Sampling,3100,323.33,8654.081,0.7094
Thompson Sampling,3125,323.77,8723.944,0.7105
Thompson Sampling,3150,325.575,8789.62,0.7106
Thompson Sampling,3175,328.044,8859.163,0.7106
Thompson Sampling,3200,330.335,8914.546,0.7095
Thompson Sampling,3225,331.542,9003.402,0.7102
Thompson Sampling,3250,331.845,9075.036,0.7109
Thompson Sampling,3275,334.373,9170.73,0.7106
Thompson Sampling,3300,334.916,9221.826,0.711
Thompson Sampling,3325,336.636,9282.892,0.7102
Thompson Sampling,3350,337.31,9331.453,0.7099
Thompson Sampling,3375,338.064,9383.53,0.7103
Thompson Sampling,3400,339.193,9445.149,0.7104
Thompson Sampling,3425,339.371,9497.5,0.7116
Thompson Sampling,3450,340.352,9562.508,0.7131
Thompson Sampling,3475,340.731,9652.874,0.7143
Thompson Sampling,3500,344.914,9721.22,0.7147
Thompson Sampling,3525,346.509,9775.517,0.7144
Thompson Sampling,3550,347.45,9843.585,0.7147
Thompson Sampling,3575,348.864,9908.724,0.715
Thompson Sampling,3600,350.668,9959.512,0.7154
Thompson Sampling,3625,351.63,10022.253,0.7146
Thompson Sampling,3650,352.875,10090.004,0.7138
Thompson Sampling,3675,353.953,10175.557,0.7146
Thompson Sampling,3700,355.826,10239.174,0.7147
Thompson Sampling,3725,357.304,10326.117,0.7152
Thompson Sampling,3750,357.835,10378.676,0.715
Thompson Sampling,3775,358.323,10446.258,0.7156
Thompson Sampling,3800,359.764,10505.517,0.7148
Thompson Sampling,3825,360.3,10573.573,0.7151
Thompson Sampling,3850,360.79,10654.574,0.7159
Thompson Sampling,3875,361.271,10723.336,0.7165
Thompson Sampling,3900,361.566,10791.379,0.717
Thompson Sampling,3925,361.621,10884.313,0.7185
Thompson Sampling,3950,361.938,10955.456,0.7198
Thompson Sampling,3975,363.83,11017.956,0.7206
