id_municipio,taxa_alfabetizacao_15mais
1100015,91.59
1100023,94.08
1100031,89.82
1100049,93.71
1100056,92.15
1100064,90.47
1100072,91.52
1100080,92.92
1100098,92.01
1100106,94.16
1100114,92.39
1100122,94.37
1100130,91.65
1100148,91.36
1100155,92.81
1100189,93.24
1100205,95.64
1100254,92.38
1100262,92.17
1100288,93.5
1100296,90.45
1100304,95.25
1100320,92.68
1100338,90.69
1100346,88.53
1100379,90.79
1100403,91.73
1100452,92.46
1100502,90.03
1100601,88.08
1100700,90.46
1100809,91.87
1100908,89.81
1100924,92.64
1100940,92.34
1101005,89.21
1101104,90.31
1101203,88.99
1101302,89.07
1101401,89.15
1101435,89.7
1101450,89.53
1101468,93.15
1101476,87.46
1101484,89.81
1101492,91.86
1101500,92.73
1101559,89.96
1101609,88.38
1101708,90.24
1101757,88.35
1101807,89.5
1200013,88.35
1200054,85.3
1200104,89.01
1200138,81.26
1200179,84.27
1200203,86.24
1200252,88.78
1200302,77.35
1200328,81.88
1200336,84.27
1200344,77.84
1200351,77.17
1200385,84.38
1200393,81.1
1200401,93.04
1200427,79.96
1200435,77.4
1200450,87.04
1200500,82.41
1200609,78.51
1200708,85.39
1200807,83.98
1300029,87.63
1300060,85.13
1300086,87.76
1300102,86.82
1300144,91.81
1300201,77.18
1300300,89.87
1300409,78.71
1300508,93.96
1300607,87.3
1300631,82.99
1300680,95.63
1300706,80.16
1300805,88.88
1300839,91.71
1300904,81.11
1301001,81.99
1301100,87.06
1301159,87.09
1301209,86.34
1301308,86.18
1301407,74.72
1301506,73.69
1301605,86.07
1301654,77.64
1301704,88.74
1301803,75.84
1301852,91.14
1301902,93.93
1301951,73.56
1302009,94.08
1302108,87.61
1302207,79.36
1302306,84.1
1302405,80.4
1302504,88.97
1302553,88.58
1302603,97.02
1302702,89.56
1302801,84.33
1302900,93.84
1303007,93.22
1303106,91.02
1303205,89.57
1303304,87.97
1303403,95.93
1303502,75.88
1303536,91.41
1303569,91.27
1303601,84.1
1303700,85.63
1303809,90.6
1303908,85.2
1303957,94.06
1304005,94.49
1304062,90.45
1304104,79.19
1304203,90.16
1304237,86.88
1304260,88.07
1304302,94.23
1304401,93.7
1400027,68.17
1400050,63.19
1400100,96.43
1400159,91.31
1400175,90.81
1400209,87.01
1400233,91.69
1400282,79.97
1400308,87.67
1400407,91.82
1400456,94.09
1400472,90.5
1400506,90.37
1400605,90.0
1400704,87.53
1500107,89.91
1500131,86.16
1500206,84.1
1500305,77.98
1500347,88.32
1500404,89.18
1500503,87.42
1500602,90.34
1500701,77.42
1500800,97.2
1500859,85.05
1500909,82.54
1500958,81.75
1501006,90.96
1501105,82.55
1501204,91.96
1501253,87.22
1501303,93.85
1501402,97.05
1501451,91.14
1501501,94.44
1501576,87.91
1501600,79.83
1501709,88.14
1501725,88.86
1501758,86.14
1501782,84.9
1501808,81.1
1501907,88.52
1501956,79.78
1502004,91.63
1502103,91.67
1502152,94.85
1502202,90.06
1502301,81.77
1502400,94.12
1502509,80.86
1502608,92.21
1502707,89.5
1502756,86.39
1502764,83.75
1502772,87.15
1502806,83.14
1502855,91.96
1502905,93.15
1502939,88.97
1502954,85.92
1503002,92.74
1503044,87.04
1503077,78.13
1503093,84.44
1503101,82.03
1503200,87.75
1503309,84.59
1503408,87.91
1503457,82.45
1503507,85.76
1503606,91.81
1503705,84.77
1503754,88.79
1503804,85.48
1503903,93.76
1504000,89.35
1504059,87.47
1504109,91.9
1504208,92.2
1504307,90.65
1504406,92.72
1504422,95.61
1504455,87.13
1504505,80.12
1504604,91.78
1504703,87.53
1504752,86.18
1504802,88.84
1504901,89.99
1504950,77.07
1504976,85.71
1505007,86.35
1505031,93.59
1505064,85.22
1505106,90.74
1505205,85.65
1505304,92.67
1505403,86.17
1505437,88.43
1505486,86.61
1505494,80.11
1505502,91.51
1505536,94.56
1505551,83.63
1505601,82.07
1505635,87.89
1505650,87.93
1505700,87.94
1505809,79.45
1505908,86.46
1506005,88.56
1506104,86.48
1506112,81.63
1506138,91.96
1506161,87.82
1506187,89.54
1506195,87.93
1506203,91.71
1506302,93.02
1506351,91.84
1506401,92.37
1506500,92.91
1506559,82.4
1506583,88.03
1506609,84.05
1506708,89.51
1506807,95.39
1506906,88.28
1507003,91.18
1507102,91.01
1507151,84.77
1507201,83.7
1507300,89.01
1507409,88.66
1507458,87.72
1507466,90.83
1507474,83.79
1507508,80.62
1507607,88.35
1507706,90.48
1507755,86.61
1507805,84.77
1507904,94.37
1507953,88.62
1507961,90.77
1507979,94.94
1508001,88.63
1508035,83.06
1508050,88.18
1508084,90.43
1508100,91.83
1508126,89.2
1508159,87.81
1508209,91.6
1508308,80.78
1508357,85.81
1508407,90.68
1600055,93.71
1600105,89.53
1600154,91.3
1600204,89.9
1600212,89.41
1600238,90.71
1600253,89.11
1600279,89.75
1600303,95.1
1600402,87.56
1600501,93.63
1600535,90.15
1600550,89.87
1600600,92.44
1600709,88.79
1600808,87.4
1700251,87.87
1700301,90.33
1700350,89.71
1700400,84.63
1700707,91.23
1701002,86.39
1701051,89.4
1701101,88.97
1701309,82.75
1701903,87.36
1702000,88.89
1702109,93.67
1702158,87.33
1702208,85.26
1702307,87.21
1702406,83.72
1702554,86.65
1702703,83.75
1702901,84.69
1703008,83.0
1703057,88.86
1703073,84.02
1703107,85.84
1703206,86.41
1703305,87.86
1703602,86.59
1703701,85.95
1703800,80.68
1703826,85.25
1703842,86.86
1703867,91.15
1703883,86.07
1703891,79.25
1703909,89.38
1704105,84.77
1704600,84.93
1705102,85.99
1705508,91.1
1705557,88.47
1705607,83.45
1706001,86.16
1706100,88.94
1706258,91.06
1706506,89.85
1707009,89.83
1707108,89.69
1707207,87.02
1707306,88.69
1707405,78.21
1707553,90.12
1707652,88.3
1707702,87.23
1708205,89.84
1708254,90.96
1708304,86.41
1709005,82.26
1709302,92.25
1709500,95.57
1709807,83.81
1710508,86.64
1710706,82.38
1710904,84.1
1711100,88.73
1711506,89.52
1711803,86.51
1711902,92.82
1711951,85.7
1712009,93.57
1712157,80.89
1712405,83.29
1712454,86.97
1712504,91.4
1712702,83.19
1712801,83.11
1713205,90.71
1713304,90.81
1713601,85.57
1713700,89.39
1713809,84.62
1713957,86.19
1714203,86.33
1714302,84.58
1714880,87.66
1715002,89.82
1715101,90.53
1715150,87.68
1715259,82.5
1715507,88.67
1715705,83.52
1715754,88.38
1716109,94.9
1716208,82.14
1716307,86.38
1716505,92.56
1716604,84.58
1716653,85.28
1716703,88.22
1717008,87.33
1717206,84.47
1717503,86.58
1717800,83.37
1717909,87.09
1718006,84.11
1718204,93.54
1718303,83.86
1718402,88.73
1718451,90.03
1718501,78.46
1718550,84.32
1718659,89.47
1718709,86.13
1718758,88.1
1718808,83.07
1718840,88.69
1718865,86.67
1718881,88.09
1718899,88.98
1718907,86.02
1719004,86.83
1720002,84.69
1720101,86.34
1720150,88.32
1720200,84.37
1720259,83.41
1720309,82.88
1720499,86.31
1720655,88.78
1720804,84.23
1720853,87.57
1720903,87.26
1720937,85.9
1720978,88.55
1721000,96.89
1721109,89.95
1721208,90.04
1721257,87.97
1721307,84.89
1722081,86.39
1722107,86.38
2100055,87.14
2100105,76.78
2100154,74.3
2100204,81.52
2100303,71.54
2100402,75.3
2100436,76.25
2100477,77.84
2100501,87.06
2100550,79.24
2100600,80.4
2100709,78.02
2100808,78.29
2100832,84.45
2100873,79.85
2100907,72.38
2100956,75.01
2101004,84.46
2101103,87.5
2101202,85.13
2101251,85.98
2101301,80.93
2101350,83.02
2101400,91.59
2101509,83.48
2101608,79.76
2101707,83.11
2101731,76.35
2101772,79.49
2101806,78.44
2101905,81.47
2101939,82.33
2101970,80.9
2102002,75.07
2102036,77.67
2102077,73.11
2102101,76.82
2102150,74.58
2102200,76.36
2102309,76.57
2102325,79.45
2102358,79.45
2102374,77.8
2102408,79.79
2102507,85.35
2102556,84.45
2102606,82.87
2102705,82.95
2102754,75.17
2102804,87.75
2102903,85.7
2103000,82.48
2103109,86.8
2103125,79.26
2103158,79.86
2103174,79.73
2103208,80.88
2103257,80.95
2103307,77.7
2103406,78.46
2103505,78.29
2103554,76.99
2103604,76.24
2103703,85.49
2103752,85.74
2103802,83.75
2103901,73.31
2104008,78.83
2104057,88.51
2104073,83.94
2104081,73.77
2104099,85.92
2104107,89.06
2104206,79.52
2104305,86.55
2104404,75.77
2104503,79.08
2104552,84.58
2104602,76.05
2104628,77.49
2104651,81.39
2104677,81.96
2104701,79.36
2104800,82.84
2104909,88.95
2105005,81.57
2105104,82.05
2105153,78.74
2105203,76.63
2105302,93.22
2105351,74.55
2105401,81.99
2105427,85.12
2105450,77.64
2105476,72.09
2105500,85.19
2105609,75.06
2105658,80.37
2105708,76.21
2105807,74.59
2105906,73.33
2105922,77.24
2105948,76.2
2105963,71.45
2105989,83.63
2106003,78.3
2106102,86.56
2106201,86.03
2106300,76.24
2106326,81.79
2106359,71.27
2106375,77.52
2106409,79.03
2106508,84.67
2106607,75.39
2106631,80.8
2106672,70.66
2106706,76.05
2106755,85.55
2106805,87.74
2106904,79.55
2107001,84.12
2107100,81.23
2107209,80.37
2107258,82.33
2107308,80.57
2107357,78.67
2107407,73.82
2107456,81.45
2107506,95.87
2107605,80.16
2107704,76.38
2107803,74.3
2107902,74.87
2108009,82.91
2108058,78.92
2108108,73.21
2108207,84.7
2108256,79.58
2108306,83.19
2108405,84.68
2108454,74.95
2108504,84.27
2108603,85.91
2108702,75.13
2108801,76.46
2108900,74.66
2109007,89.05
2109056,86.98
2109106,83.73
2109205,79.3
2109239,81.2
2109270,79.65
2109304,80.29
2109403,79.69
2109452,89.72
2109502,84.99
2109551,83.47
2109601,86.6
2109700,80.3
2109759,76.39
2109809,82.17
2109908,87.59
2110005,76.92
2110039,83.93
2110104,75.91
2110203,84.42
2110237,71.8
2110278,82.32
2110302,76.92
2110401,79.04
2110500,84.23
2110609,77.54
2110658,79.36
2110708,78.91
2110807,77.44
2110856,80.98
2110906,74.84
2111003,81.74
2111029,71.79
2111052,86.65
2111078,72.85
2111102,83.23
2111201,95.16
2111250,75.3
2111300,96.01
2111409,73.3
2111508,78.47
2111532,80.54
2111573,91.07
2111607,86.22
2111631,77.63
2111672,74.69
2111706,78.72
2111722,74.43
2111748,75.07
2111763,79.92
2111789,79.3
2111805,82.99
2111904,80.06
2111953,76.19
2112001,86.72
2112100,71.2
2112209,88.32
2112233,83.31
2112274,76.32
2112308,78.11
2112407,84.28
2112456,82.45
2112506,77.66
2112605,78.53
2112704,77.57
2112803,86.21
2112852,79.29
2112902,81.39
2113009,76.6
2114007,80.77
2200053,83.11
2200103,78.97
2200202,84.94
2200251,66.39
2200277,70.79
2200301,71.75
2200400,83.02
2200459,82.52
2200509,77.91
2200608,81.85
2200707,77.16
2200806,83.05
2200905,75.91
2200954,65.37
2201002,76.25
2201051,68.7
2201101,81.1
2201150,85.09
2201176,78.09
2201200,75.04
2201309,83.83
2201408,76.64
2201507,74.75
2201556,84.28
2201572,70.68
2201606,73.81
2201705,83.36
2201739,71.36
2201770,71.66
2201804,82.47
2201903,88.1
2201919,77.32
2201929,70.53
2201945,78.43
2201960,75.24
2201988,74.17
2202000,76.54
2202026,76.57
2202059,73.21
2202075,80.96
2202083,80.86
2202091,74.03
2202109,77.4
2202117,69.65
2202133,74.45
2202174,71.8
2202208,84.11
2202251,79.53
2202307,78.63
2202406,77.06
2202455,76.49
2202505,70.49
2202539,68.74
2202554,75.15
2202604,76.96
2202653,70.4
2202703,73.29
2202711,75.37
2202729,69.24
2202737,77.95
2202752,83.69
2202778,74.89
2202802,77.35
2202851,75.22
2202901,86.72
2203008,79.27
2203107,82.02
2203206,87.41
2203230,79.39
2203255,78.62
2203271,73.78
2203305,85.44
2203354,76.19
2203404,81.03
2203420,76.45
2203453,80.71
2203503,75.14
2203602,80.56
2203701,78.04
2203750,74.23
2203800,74.15
2203859,65.32
2203909,89.8
2204006,70.96
2204105,73.82
2204154,72.66
2204204,77.49
2204303,76.33
2204352,73.37
2204402,82.65
2204501,86.56
2204550,73.39
2204600,74.28
2204659,80.17
2204709,76.73
2204808,81.87
2204907,72.33
2205003,71.56
2205102,78.78
2205151,71.82
2205201,68.92
2205250,72.7
2205276,76.04
2205300,80.84
2205359,77.11
2205409,73.31
2205458,69.18
2205508,81.1
2205516,77.51
2205524,86.6
2205532,71.9
2205540,79.92
2205557,77.46
2205565,78.92
2205573,75.88
2205581,82.26
2205599,69.09
2205607,83.09
2205706,77.58
2205805,74.29
2205854,74.32
2205904,80.57
2205953,77.05
2206001,82.69
2206050,65.7
2206100,74.13
2206209,70.57
2206308,79.21
2206357,69.89
2206407,81.93
2206506,73.13
2206605,80.93
2206654,80.78
2206670,72.26
2206696,69.75
2206704,76.21
2206720,76.42
2206753,77.85
2206803,73.19
2206902,74.93
2206951,70.86
2207009,82.67
2207108,77.92
2207207,65.99
2207306,80.42
2207355,76.64
2207405,80.74
2207504,75.8
2207553,65.72
2207603,82.97
2207702,88.26
2207751,74.49
2207777,69.53
2207793,74.21
2207801,77.19
2207850,71.07
2207900,75.19
2207934,80.25
2207959,77.28
2208007,86.29
2208106,72.13
2208205,75.22
2208304,76.74
2208403,80.82
2208502,74.64
2208551,79.51
2208601,73.84
2208650,79.28
2208700,82.07
2208809,74.82
2208858,83.49
2208874,72.86
2208908,83.29
2209005,77.87
2209104,76.11
2209153,76.77
2209203,82.18
2209302,81.73
2209351,73.25
2209377,76.17
2209401,78.85
2209450,78.04
2209500,75.64
2209559,77.18
2209609,77.91
2209658,74.37
2209708,72.99
2209757,82.11
2209807,79.2
2209856,75.21
2209872,73.19
2209906,71.77
2209955,72.33
2209971,76.95
2210003,82.99
2210052,69.87
2210102,79.69
2210201,72.57
2210300,72.34
2210359,83.69
2210375,73.55
2210383,70.82
2210391,77.3
2210409,71.42
2210508,76.66
2210607,85.82
2210623,81.08
2210631,79.18
2210656,72.81
2210706,76.78
2210805,83.53
2210904,78.55
2210938,77.7
2210953,73.75
2210979,81.07
2211001,92.88
2211100,77.02
2211209,86.7
2211308,81.96
2211357,73.5
2211407,78.27
2211506,68.31
2211605,73.1
2211704,71.13
2300101,76.84
2300150,84.03
2300200,78.75
2300309,72.73
2300408,71.66
2300507,80.48
2300606,77.1
2300705,79.67
2300754,80.23
2300804,73.35
2300903,79.72
2301000,86.13
2301109,84.66
2301208,76.89
2301257,77.29
2301307,73.17
2301406,82.79
2301505,75.89
2301604,74.37
2301703,77.55
2301802,78.77
2301851,76.2
2301901,87.61
2301950,79.95
2302008,79.3
2302057,72.21
2302107,83.61
2302206,80.03
2302305,80.62
2302404,75.66
2302503,83.98
2302602,81.03
2302701,77.35
2302800,80.76
2302909,79.61
2303006,77.47
2303105,77.0
2303204,76.89
2303303,74.64
2303402,78.46
2303501,83.86
2303600,73.74
2303659,77.13
2303709,91.58
2303808,77.87
2303907,75.42
2303931,75.02
2303956,79.58
2304004,74.01
2304103,82.12
2304202,88.4
2304236,73.58
2304251,84.76
2304269,73.38
2304277,75.9
2304285,94.11
2304301,75.11
2304350,81.9
2304400,94.38
2304459,80.93
2304509,76.91
2304608,75.28
2304657,73.55
2304707,71.01
2304806,76.94
2304905,79.76
2304954,82.38
2305001,78.87
2305100,78.63
2305209,78.71
2305233,88.61
2305266,73.72
2305308,80.6
2305332,75.63
2305357,81.95
2305407,74.1
2305506,82.99
2305605,76.64
2305654,76.56
2305704,80.75
2305803,79.09
2305902,75.31
2306009,78.35
2306108,79.91
2306207,81.61
2306256,89.79
2306306,81.66
2306405,85.0
2306504,75.28
2306553,81.74
2306603,75.45
2306702,76.71
2306801,79.9
2306900,81.79
2307007,77.71
2307106,78.99
2307205,78.49
2307254,85.74
2307304,89.11
2307403,75.77
2307502,78.65
2307601,85.72
2307635,79.09
2307650,92.79
2307700,89.16
2307809,82.85
2307908,78.14
2308005,78.08
2308104,75.85
2308203,83.6
2308302,78.89
2308351,81.33
2308377,78.27
2308401,79.44
2308500,73.43
2308609,78.63
2308708,79.17
2308807,77.48
2308906,78.09
2309003,75.97
2309102,84.49
2309201,83.64
2309300,79.25
2309409,72.93
2309458,75.94
2309508,77.29
2309607,86.12
2309706,91.37
2309805,83.7
2309904,79.23
2310001,77.78
2310100,82.22
2310209,85.71
2310258,85.8
2310308,74.11
2310407,78.25
2310506,76.49
2310605,84.68
2310704,81.94
2310803,79.47
2310852,84.15
2310902,80.32
2310951,77.14
2311009,77.5
2311108,78.9
2311207,74.05
2311231,77.15
2311264,74.47
2311306,82.59
2311355,70.88
2311405,82.23
2311504,78.35
2311603,83.0
2311702,78.27
2311801,84.55
2311900,72.3
2311959,71.85
2312007,76.53
2312106,77.19
2312205,78.86
2312304,79.81
2312403,87.73
2312502,79.66
2312601,83.2
2312700,78.63
2312809,74.96
2312908,87.12
2313005,78.32
2313104,81.17
2313203,74.9
2313252,73.31
2313302,79.39
2313351,76.64
2313401,83.25
2313500,81.51
2313559,78.3
2313609,81.97
2313708,76.24
2313757,78.72
2313807,81.99
2313906,75.11
2313955,80.24
2314003,78.45
2314102,77.1
2400109,86.81
2400208,82.33
2400307,77.37
2400406,79.08
2400505,77.58
2400604,78.46
2400703,83.87
2400802,80.71
2400901,78.17
2401008,79.54
2401107,87.91
2401206,79.03
2401305,76.35
2401404,82.88
2401453,79.42
2401503,78.66
2401602,78.92
2401651,78.92
2401701,79.41
2401800,78.9
2401859,82.36
2401909,79.17
2402006,88.92
2402105,82.43
2402204,80.65
2402303,80.14
2402402,88.71
2402501,80.26
2402600,84.02
2402709,78.67
2402808,77.07
2402907,72.69
2403004,84.32
2403103,86.43
2403202,77.91
2403251,94.91
2403301,81.19
2403400,82.1
2403509,72.71
2403608,91.38
2403707,82.62
2403756,76.68
2403806,83.48
2403905,78.1
2404002,79.77
2404101,78.4
2404200,84.51
2404309,80.62
2404408,82.24
2404507,83.96
2404606,74.81
2404705,77.77
2404804,86.53
2404853,80.76
2404903,80.31
2405009,79.82
2405108,77.2
2405207,77.28
2405306,72.17
2405405,75.38
2405504,78.59
2405603,80.34
2405702,83.93
2405801,79.85
2405900,77.94
2406007,77.13
2406106,76.4
2406155,75.47
2406205,75.62
2406304,70.97
2406403,81.23
2406502,80.58
2406601,74.91
2406700,81.81
2406809,78.35
2406908,82.49
2407005,78.21
2407104,84.59
2407203,85.08
2407252,78.4
2407302,74.46
2407401,84.63
2407500,81.59
2407609,75.88
2407708,77.89
2407807,79.38
2407906,77.86
2408003,89.96
2408102,93.36
2408201,85.91
2408300,76.47
2408409,74.85
2408508,83.92
2408607,75.99
2408706,76.81
2408805,76.88
2408904,87.63
2408953,80.88
2409100,77.74
2409209,78.91
2409308,78.92
2409332,78.76
2409407,87.04
2409506,76.65
2409605,75.4
2409704,75.57
2409803,78.06
2409902,82.48
2410009,78.69
2410108,76.94
2410207,81.03
2410256,76.11
2410306,76.17
2410405,77.61
2410504,80.76
2410603,80.21
2410702,74.4
2410801,79.67
2410900,79.5
2411007,77.61
2411056,86.67
2411106,77.53
2411205,81.72
2411403,74.36
2411429,86.09
2411502,76.85
2411601,80.63
2411700,76.12
2411809,78.96
2411908,78.37
2412005,89.82
2412104,85.02
2412203,83.61
2412302,77.5
2412401,88.88
2412500,76.13
2412559,80.87
2412609,81.12
2412708,79.28
2412807,78.5
2412906,77.75
2413003,82.88
2413102,75.07
2413201,82.15
2413300,72.96
2413359,81.58
2413409,78.85
2413508,74.03
2413557,79.38
2413607,78.12
2413706,76.05
2413805,83.19
2413904,74.57
2414001,79.61
2414100,77.85
2414159,81.76
2414209,88.14
2414308,82.97
2414407,77.92
2414456,74.69
2414506,82.12
2414605,77.77
2414704,76.85
2414753,70.81
2414803,76.6
2414902,80.75
2415008,79.54
2500106,81.32
2500205,69.5
2500304,72.55
2500403,78.21
2500502,73.45
2500536,80.22
2500577,70.37
2500601,82.42
2500700,78.6
2500734,80.06
2500775,77.0
2500809,71.51
2500908,72.46
2501005,70.0
2501104,78.23
2501153,76.31
2501203,81.62
2501302,73.75
2501351,81.01
2501401,82.28
2501500,75.04
2501534,77.01
2501575,75.13
2501609,72.43
2501708,79.52
2501807,87.22
2501906,75.74
2502003,71.36
2502052,75.63
2502102,75.78
2502151,87.19
2502201,78.81
2502300,74.83
2502409,79.43
2502508,81.56
2502607,75.3
2502706,75.64
2502805,76.92
2502904,79.54
2503001,81.43
2503100,90.71
2503209,91.48
2503308,78.2
2503407,79.84
2503506,70.05
2503555,75.26
2503605,75.03
2503704,86.28
2503753,71.19
2503803,73.66
2503902,76.37
2504009,91.97
2504033,71.53
2504074,80.62
2504108,78.5
2504157,67.96
2504207,74.5
2504306,83.35
2504355,83.64
2504405,73.43
2504504,77.83
2504603,84.09
2504702,77.63
2504801,74.24
2504850,82.96
2504900,73.76
2505006,80.58
2505105,77.13
2505204,75.7
2505238,69.4
2505279,68.6
2505303,77.18
2505352,67.27
2505402,79.97
2505501,79.09
2505600,75.1
2505709,71.87
2505808,79.38
2505907,73.96
2506004,81.84
2506103,74.81
2506202,81.83
2506251,74.85
2506301,85.25
2506400,70.92
2506509,83.48
2506608,70.06
2506707,78.72
2506806,74.79
2506905,78.4
2507002,83.07
2507101,72.79
2507200,72.19
2507309,74.97
2507408,78.9
2507507,93.87
2507606,71.96
2507705,82.33
2507804,81.34
2507903,72.9
2508000,75.29
2508109,73.44
2508208,74.94
2508307,84.58
2508406,72.73
2508505,82.03
2508554,77.24
2508604,82.6
2508703,76.66
2508802,77.42
2508901,78.52
2509008,73.37
2509057,76.66
2509107,74.04
2509156,80.79
2509206,78.12
2509305,79.82
2509339,76.54
2509370,67.55
2509396,79.83
2509404,74.58
2509503,83.19
2509602,77.31
2509701,81.5
2509800,75.3
2509909,70.0
2510006,74.25
2510105,80.1
2510204,75.38
2510303,80.21
2510402,71.28
2510501,80.73
2510600,76.84
2510659,81.98
2510709,79.64
2510808,87.18
2510907,76.5
2511004,78.16
2511103,79.97
2511202,76.74
2511301,80.45
2511400,81.7
2511509,73.69
2511608,71.48
2511707,73.28
2511806,78.74
2511905,81.68
2512002,81.49
2512036,70.52
2512077,80.96
2512101,81.01
2512200,80.15
2512309,82.13
2512408,85.25
2512507,84.2
2512606,82.35
2512705,78.84
2512721,74.45
2512747,73.6
2512754,77.07
2512762,70.76
2512788,78.98
2512804,78.66
2512903,80.43
2513000,75.22
2513109,70.36
2513158,74.38
2513208,75.99
2513307,78.16
2513356,73.02
2513406,85.09
2513505,72.86
2513604,70.23
2513653,80.94
2513703,85.62
2513802,77.96
2513851,80.67
2513901,76.85
2513927,76.28
2513943,83.73
2513968,66.23
2513984,73.89
2514008,82.83
2514107,72.29
2514206,69.37
2514305,73.88
2514404,79.05
2514453,69.28
2514503,78.75
2514552,76.78
2514602,79.51
2514651,78.5
2514701,82.36
2514800,82.15
2514909,82.41
2515005,74.72
2515104,81.43
2515203,78.46
2515302,76.35
2515401,82.34
2515500,84.61
2515609,74.66
2515708,81.32
2515807,78.35
2515906,72.01
2515930,82.34
2515971,75.06
2516003,76.75
2516102,86.29
2516151,75.94
2516201,83.33
2516300,82.82
2516409,71.86
2516508,80.79
2516607,75.94
2516706,83.02
2516755,78.89
2516805,80.79
2516904,78.6
2517001,71.19
2517100,89.4
2517209,67.1
2517407,80.6
2600054,91.45
2600104,84.89
2600203,81.88
2600302,76.74
2600401,76.62
2600500,70.22
2600609,79.0
2600708,78.28
2600807,74.53
2600906,78.27
2601003,76.82
2601052,80.86
2601102,81.24
2601201,87.67
2601300,74.96
2601409,81.44
2601508,74.27
2601607,82.93
2601706,82.07
2601805,74.18
2601904,79.61
2602001,76.98
2602100,74.45
2602209,77.41
2602308,78.79
2602407,75.99
2602506,80.56
2602605,77.2
2602704,77.06
2602803,71.22
2602902,89.81
2603009,83.03
2603108,80.7
2603207,74.01
2603306,76.05
2603405,77.52
2603454,92.34
2603504,77.17
2603603,79.67
2603702,75.41
2603801,75.47
2603900,79.78
2603926,81.44
2604007,87.72
2604106,89.19
2604155,75.3
2604205,78.7
2604304,83.09
2604403,81.28
2604502,77.05
2604601,80.94
2604700,76.29
2604809,75.97
2604908,75.6
2605004,80.56
2605103,79.11
2605152,80.32
2605202,83.98
2605301,79.08
2605400,78.25
2605459,96.49
2605509,79.85
2605608,75.09
2605707,86.7
2605806,75.77
2605905,76.25
2606002,87.84
2606101,77.9
2606200,86.25
2606309,79.92
2606408,83.27
2606507,70.26
2606606,75.6
2606705,74.44
2606804,89.89
2606903,78.72
2607000,75.87
2607109,79.65
2607208,87.64
2607307,78.76
2607406,87.32
2607505,70.34
2607604,89.2
2607653,75.22
2607703,81.94
2607752,88.27
2607802,78.35
2607901,92.79
2607950,77.16
2608008,74.66
2608057,82.63
2608107,74.28
2608206,78.31
2608255,77.06
2608305,78.29
2608404,72.8
2608453,81.19
2608503,78.52
2608602,72.4
2608701,70.89
2608750,81.74
2608800,81.95
2608909,84.81
2609006,77.67
2609105,78.68
2609154,69.83
2609204,72.26
2609303,82.93
2609402,86.16
2609501,83.54
2609600,93.96
2609709,77.1
2609808,83.18
2609907,78.05
2610004,83.82
2610103,75.1
2610202,70.63
2610301,75.99
2610400,78.21
2610509,76.24
2610608,83.72
2610707,95.2
2610806,75.58
2610905,81.78
2611002,86.29
2611101,91.57
2611200,75.84
2611309,79.42
2611408,81.13
2611507,72.04
2611533,78.57
2611606,94.52
2611705,75.74
2611804,81.48
2611903,82.42
2612000,76.45
2612109,69.64
2612208,88.03
2612307,74.21
2612406,79.23
2612455,79.1
2612471,82.47
2612505,88.24
2612554,75.77
2612604,83.18
2612703,75.23
2612802,80.58
2612901,69.17
2613008,78.08
2613107,77.06
2613206,77.39
2613305,72.33
2613404,85.1
2613503,80.23
2613602,83.49
2613701,88.23
2613800,76.9
2613909,84.54
2614006,79.37
2614105,80.41
2614204,81.75
2614303,80.82
2614402,79.48
2614501,82.08
2614600,83.37
2614709,73.33
2614808,80.86
2614857,85.61
2615003,83.69
2615102,72.02
2615201,84.51
2615300,82.9
2615409,84.86
2615508,80.6
2615607,81.76
2615706,87.21
2615805,74.06
2615904,82.75
2616001,80.09
2616100,81.08
2616183,72.45
2616209,80.58
2616308,79.94
2616407,84.65
2616506,74.17
2700102,77.11
2700201,71.28
2700300,84.74
2700409,75.52
2700508,78.71
2700607,85.45
2700706,76.7
2700805,76.03
2700904,72.95
2701001,77.08
2701100,67.1
2701209,70.03
2701308,72.56
2701357,76.71
2701407,78.44
2701506,67.42
2701605,70.1
2701704,76.2
2701803,77.73
2701902,72.94
2702009,71.66
2702108,74.12
2702207,81.46
2702306,81.77
2702355,71.09
2702405,82.52
2702504,72.73
2702553,65.8
2702603,69.56
2702702,75.63
2702801,74.77
2702900,69.76
2703007,70.22
2703106,71.01
2703205,72.01
2703304,71.31
2703403,76.23
2703502,75.88
2703601,80.06
2703700,68.76
2703759,79.26
2703809,69.39
2703908,72.3
2704005,74.9
2704104,72.44
2704203,73.79
2704302,91.58
2704401,72.45
2704500,81.12
2704609,72.13
2704708,86.53
2704807,77.4
2704906,79.24
2705002,68.92
2705101,76.66
2705200,79.0
2705309,67.48
2705408,73.54
2705507,76.35
2705606,73.33
2705705,79.95
2705804,75.24
2705903,67.88
2706000,72.68
2706109,76.55
2706208,78.08
2706307,81.17
2706406,75.88
2706422,77.76
2706448,84.48
2706505,76.25
2706604,74.89
2706703,82.05
2706802,77.17
2706901,82.51
2707008,76.64
2707107,79.24
2707206,73.27
2707305,78.87
2707404,77.92
2707503,72.69
2707602,74.89
2707701,86.86
2707800,74.97
2707909,85.3
2708006,79.03
2708105,72.17
2708204,74.66
2708303,74.58
2708402,73.01
2708501,75.28
2708600,84.12
2708709,81.99
2708808,71.97
2708907,90.42
2708956,74.42
2709004,70.26
2709103,74.1
2709152,78.41
2709202,67.31
2709301,76.77
2709400,75.14
2800100,81.27
2800209,77.69
2800308,94.78
2800407,75.99
2800506,81.2
2800605,93.94
2800670,80.47
2800704,75.75
2801009,79.48
2801108,76.03
2801207,77.63
2801306,79.76
2801405,74.83
2801504,87.99
2801603,84.35
2801702,77.53
2801900,78.09
2802007,82.65
2802106,86.08
2802205,76.71
2802304,79.69
2802403,72.33
2802502,85.64
2802601,76.86
2802700,80.63
2802809,79.56
2802908,84.0
2803005,78.16
2803104,74.71
2803203,82.22
2803302,84.72
2803401,76.94
2803500,81.56
2803609,87.09
2803708,80.5
2803807,82.81
2803906,79.31
2804003,87.28
2804102,80.79
2804201,74.54
2804300,79.9
2804409,80.61
2804458,74.51
2804508,80.75
2804607,79.11
2804706,77.22
2804805,91.83
2804904,75.52
2805000,82.06
2805109,76.75
2805208,78.95
2805307,86.63
2805406,73.39
2805505,78.07
2805604,77.66
2805703,85.34
2805802,73.91
2805901,87.22
2806008,79.11
2806107,86.97
2806206,80.43
2806305,75.59
2806404,82.73
2806503,78.69
2806602,83.86
2806701,91.09
2806800,79.67
2806909,78.98
2807006,73.97
2807105,80.65
2807204,82.21
2807303,78.59
2807402,79.92
2807501,74.03
2807600,81.87
2900108,81.16
2900207,80.06
2900306,81.61
2900355,72.08
2900405,79.98
2900504,75.83
2900603,79.56
2900702,92.47
2900801,83.37
2900900,76.95
2901007,84.76
2901106,90.26
2901155,82.51
2901205,74.18
2901304,81.09
2901353,80.78
2901403,81.15
2901502,85.22
2901601,81.69
2901700,79.4
2901809,83.68
2901908,78.47
2901957,76.12
2902005,77.47
2902054,83.03
2902104,73.16
2902203,83.53
2902252,75.54
2902302,81.58
2902401,79.36
2902500,77.44
2902609,80.72
2902658,79.17
2902708,79.88
2902807,86.27
2902906,77.71
2903003,88.82
2903102,73.78
2903201,92.49
2903235,88.5
2903276,83.42
2903300,80.47
2903409,82.36
2903508,79.99
2903607,78.08
2903706,72.87
2903805,75.99
2903904,86.3
2903953,77.57
2904001,85.33
2904050,86.02
2904100,79.45
2904209,77.24
2904308,79.2
2904407,79.52
2904506,88.24
2904605,88.07
2904704,82.62
2904753,78.08
2904803,77.75
2904852,79.5
2904902,86.81
2905008,85.95
2905107,79.75
2905156,75.91
2905206,84.55
2905305,83.58
2905404,89.02
2905503,78.89
2905602,83.88
2905701,94.6
2905800,79.89
2905909,79.36
2906006,81.53
2906105,77.64
2906204,86.9
2906303,83.63
2906402,81.08
2906501,92.81
2906600,81.0
2906709,79.96
2906808,79.81
2906824,81.83
2906857,77.61
2906873,85.15
2906899,72.91
2906907,82.69
2907004,83.27
2907103,81.37
2907202,84.07
2907301,82.53
2907400,79.47
2907509,91.2
2907558,75.89
2907608,85.19
2907707,82.01
2907806,75.98
2907905,81.78
2908002,81.82
2908101,79.04
2908200,88.61
2908309,85.13
2908408,85.83
2908507,91.09
2908606,83.98
2908705,81.68
2908804,82.87
2908903,84.3
2909000,76.01
2909109,79.18
2909208,68.29
2909307,81.2
2909406,76.68
2909505,80.84
2909604,77.16
2909703,77.79
2909802,91.31
2909901,83.43
2910008,74.2
2910057,93.47
2910107,81.37
2910206,84.77
2910305,82.99
2910404,74.11
2910503,87.62
2910602,84.7
2910701,78.36
2910727,89.55
2910750,75.06
2910776,79.59
2910800,93.4
2910859,82.32
2910909,83.87
2911006,78.06
2911105,81.64
2911204,85.5
2911253,81.62
2911303,81.85
2911402,78.22
2911501,80.26
2911600,84.77
2911659,78.26
2911709,88.16
2911808,72.41
2911857,73.72
2911907,78.08
2912004,82.59
2912103,82.81
2912202,87.23
2912301,80.89
2912400,84.22
2912509,77.1
2912608,81.35
2912707,79.03
2912806,84.3
2912905,77.84
2913002,81.05
2913101,85.16
2913200,86.82
2913309,88.95
2913408,81.64
2913457,80.61
2913507,75.94
2913606,90.86
2913705,79.28
2913804,78.84
2913903,85.2
2914000,77.45
2914109,87.4
2914208,77.45
2914307,83.23
2914406,88.48
2914505,83.86
2914604,91.69
2914653,82.0
2914703,87.87
2914802,91.8
2914901,86.28
2915007,78.99
2915106,79.51
2915205,81.04
2915304,77.64
2915353,80.96
2915403,80.35
2915502,81.14
2915601,84.3
2915700,77.35
2915809,79.94
2915908,82.03
2916005,81.6
2916104,92.54
2916203,81.56
2916302,77.2
2916401,89.08
2916500,71.18
2916609,80.88
2916708,78.57
2916807,83.28
2916856,83.35
2916906,79.47
2917003,80.34
2917102,79.13
2917201,78.52
2917300,83.53
2917334,80.03
2917359,80.08
2917409,81.4
2917508,87.3
2917607,80.73
2917706,84.32
2917805,80.83
2917904,81.18
2918001,88.19
2918100,73.77
2918209,80.51
2918308,76.89
2918357,84.41
2918407,90.33
2918456,72.98
2918506,79.22
2918555,81.84
2918605,82.57
2918704,75.29
2918753,78.92
2918803,79.08
2918902,81.35
2919009,81.81
2919058,81.77
2919108,74.72
2919157,83.54
2919207,96.32
2919306,89.33
2919405,84.05
2919504,82.8
2919553,95.32
2919603,78.45
2919702,79.61
2919801,80.15
2919900,77.87
2919926,95.57
2919959,76.57
2920007,83.01
2920106,80.34
2920205,79.65
2920304,80.36
2920403,76.2
2920452,88.6
2920502,81.72
2920601,82.4
2920700,84.14
2920809,78.4
2920908,79.47
2921005,91.05
2921054,75.02
2921104,83.19
2921203,83.51
2921302,81.88
2921401,80.88
2921450,75.89
2921500,72.34
2921609,81.07
2921708,83.93
2921807,84.63
2921906,84.75
2922003,87.21
2922052,84.1
2922102,81.67
2922201,82.57
2922250,81.01
2922300,88.2
2922409,82.19
2922508,84.94
2922607,78.53
2922656,78.46
2922706,76.18
2922730,83.24
2922755,78.48
2922805,79.76
2922854,82.01
2922904,77.07
2923001,86.53
2923035,88.01
2923050,78.88
2923100,77.76
2923209,85.2
2923308,80.26
2923357,78.43
2923407,77.2
2923506,91.15
2923605,82.6
2923704,81.32
2923803,77.1
2923902,82.17
2924009,87.62
2924058,79.88
2924108,84.74
2924207,68.1
2924306,83.6
2924405,74.92
2924504,80.68
2924603,82.48
2924652,80.26
2924678,81.49
2924702,77.78
2924801,83.38
2924900,73.81
2925006,77.92
2925105,80.91
2925204,91.31
2925253,80.75
2925303,91.53
2925402,85.36
2925501,86.21
2925600,86.32
2925709,74.95
2925758,80.42
2925808,82.14
2925907,71.22
2925931,81.97
2925956,76.17
2926004,79.55
2926103,86.36
2926202,77.97
2926301,85.1
2926400,78.52
2926509,69.27
2926608,81.99
2926657,73.99
2926707,81.82
2926806,75.31
2926905,82.26
2927002,81.29
2927101,87.44
2927200,81.98
2927309,91.26
2927408,96.55
2927507,81.94
2927606,71.68
2927705,88.81
2927804,79.01
2927903,78.96
2928000,82.93
2928059,79.98
2928109,81.65
2928208,83.26
2928307,81.57
2928406,83.93
2928505,79.06
2928604,89.68
2928703,91.76
2928802,84.87
2928901,82.12
2928950,82.76
2929008,87.22
2929057,85.72
2929107,83.51
2929206,91.79
2929255,84.97
2929305,90.03
2929354,78.3
2929370,78.32
2929404,81.84
2929503,89.13
2929602,87.04
2929701,78.74
2929750,88.77
2929800,81.51
2929909,89.17
2930006,78.4
2930105,87.45
2930154,82.19
2930204,81.93
2930303,80.58
2930402,79.78
2930501,87.38
2930600,79.43
2930709,94.36
2930758,83.87
2930766,71.81
2930774,86.84
2930808,85.85
2930907,78.12
2931004,78.83
2931053,81.16
2931103,86.5
2931202,80.53
2931301,82.47
2931350,89.68
2931400,84.62
2931509,81.12
2931608,77.34
2931707,89.61
2931806,73.14
2931905,76.96
2932002,80.05
2932101,76.42
2932200,84.08
2932309,83.43
2932408,88.11
2932457,79.23
2932507,82.1
2932606,82.73
2932705,81.42
2932804,83.34
2932903,85.17
2933000,85.09
2933059,76.79
2933109,81.76
2933158,80.39
2933174,80.57
2933208,91.86
2933257,79.41
2933307,90.9
2933406,84.47
2933455,82.75
2933505,75.07
2933604,83.19
3100104,93.52
3100203,93.71
3100302,92.86
3100401,89.9
3100500,85.19
3100609,77.6
3100708,93.21
3100807,92.19
3100906,83.32
3101003,81.43
3101102,90.04
3101201,90.89
3101300,90.5
3101409,90.79
3101508,94.94
3101607,95.78
3101631,94.28
3101706,83.61
3101805,86.92
3101904,94.43
3102001,93.81
3102050,91.0
3102100,89.86
3102209,84.23
3102308,92.96
3102407,86.96
3102506,87.99
3102605,93.76
3102704,82.73
3102803,91.84
3102852,81.35
3102902,92.31
3103009,90.28
3103108,91.82
3103207,93.19
3103306,88.31
3103405,87.82
3103504,96.34
3103603,93.26
3103702,86.73
3103751,94.71
3103801,93.16
3103900,94.62
3104007,96.79
3104106,92.55
3104205,96.66
3104304,94.54
3104403,92.92
3104452,84.18
3104502,89.51
3104601,94.79
3104700,80.01
3104809,90.22
3104908,92.07
3105004,92.38
3105103,94.23
3105202,78.59
3105301,92.19
3105400,95.71
3105509,88.2
3105608,96.17
3105707,87.44
3105905,95.52
3106002,95.26
3106101,89.21
3106200,97.78
3106309,92.25
3106408,94.35
3106507,83.53
3106606,77.43
3106655,82.58
3106705,96.38
3106804,88.39
3106903,95.75
3107000,90.64
3107109,95.11
3107208,88.84
3107307,91.94
3107406,95.78
3107505,91.73
3107604,92.27
3107703,94.62
3107802,85.72
3107901,92.83
3108008,91.06
3108107,92.85
3108206,90.74
3108255,82.53
3108305,95.07
3108404,93.28
3108503,86.67
3108552,92.77
3108602,88.99
3108701,91.47
3108800,89.19
3108909,92.82
3109006,95.88
3109105,92.58
3109204,88.13
3109253,85.09
3109303,90.07
3109402,88.74
3109451,90.3
3109501,92.1
3109600,96.99
3109709,93.66
3109808,92.65
3109907,95.35
3110004,96.45
3110103,91.36
3110202,91.1
3110301,94.0
3110400,87.03
3110509,92.98
3110608,94.79
3110707,92.11
3110806,83.46
3110905,94.51
3111002,93.79
3111101,92.97
3111150,84.02
3111200,94.25
3111309,93.26
3111408,92.51
3111507,91.57
3111606,91.42
3111705,88.35
3111804,92.02
3111903,90.71
3112000,89.69
3112059,87.79
3112109,90.41
3112208,91.52
3112307,87.5
3112406,92.09
3112505,95.04
3112604,90.79
3112653,85.49
3112703,86.93
3112802,97.13
3112901,89.75
3113008,80.55
3113107,92.22
3113206,95.47
3113305,93.16
3113404,93.51
3113503,86.52
3113602,93.15
3113701,83.7
3113800,89.06
3113909,92.0
3114006,94.78
3114105,92.24
3114204,95.23
3114303,94.49
3114402,94.11
3114501,94.89
3114550,90.7
3114600,94.48
3114709,93.15
3114808,89.36
3114907,94.83
3115003,96.57
3115102,92.89
3115201,93.02
3115300,96.03
3115359,92.24
3115409,90.61
3115458,81.34
3115474,77.97
3115508,95.55
3115607,88.58
3115706,84.23
3115805,91.49
3115904,90.74
3116001,90.09
3116100,77.14
3116159,87.82
3116209,94.22
3116308,88.93
3116407,93.65
3116506,87.2
3116605,96.26
3116704,92.83
3116803,84.16
3116902,90.13
3117009,78.78
3117108,94.26
3117207,92.36
3117306,93.58
3117405,87.81
3117504,90.66
3117603,93.04
3117702,90.86
3117801,94.36
3117836,83.95
3117876,96.09
3117900,93.19
3118007,96.8
3118106,84.97
3118205,92.7
3118304,97.27
3118403,89.3
3118502,89.24
3118601,97.29
3118700,94.02
3118809,87.0
3118908,92.02
3119005,90.29
3119104,91.84
3119203,90.5
3119302,94.09
3119401,95.67
3119500,84.6
3119609,93.93
3119708,95.64
3119807,92.04
3119906,93.27
3119955,92.09
3120003,85.17
3120102,90.02
3120151,76.48
3120201,93.33
3120300,87.2
3120409,95.03
3120508,93.84
3120607,90.75
3120706,94.15
3120805,92.98
3120839,85.71
3120870,82.66
3120904,94.8
3121001,92.35
3121100,94.01
3121209,92.5
3121258,91.03
3121308,92.22
3121407,90.58
3121506,89.38
3121605,93.5
3121704,83.03
3121803,90.93
3121902,93.41
3122009,88.58
3122108,85.75
3122207,89.2
3122306,97.13
3122355,83.47
3122405,91.15
3122454,81.07
3122470,91.49
3122504,90.79
3122603,88.97
3122702,93.08
3122801,93.14
3122900,93.41
3123007,95.23
3123106,85.68
3123205,91.85
3123304,89.5
3123403,94.15
3123502,93.69
3123528,88.5
3123601,92.36
3123700,87.9
3123809,85.78
3123858,89.03
3123908,93.81
3124005,88.76
3124104,94.84
3124203,90.71
3124302,82.43
3124401,91.46
3124500,91.42
3124609,88.83
3124708,91.16
3124807,91.48
3124906,91.33
3125002,94.43
3125101,96.38
3125200,93.36
3125309,91.5
3125408,87.46
3125507,87.46
3125606,81.3
3125705,93.09
3125804,83.13
3125903,85.0
3125952,87.89
3126000,96.22
3126109,95.32
3126208,85.68
3126307,92.12
3126406,95.16
3126505,82.87
3126604,86.45
3126703,84.56
3126752,78.9
3126802,80.44
3126901,87.27
3126950,83.14
3127008,91.94
3127057,78.98
3127073,72.72
3127107,95.4
3127206,93.76
3127305,87.24
3127339,79.94
3127354,90.13
3127370,84.26
3127388,93.71
3127404,92.67
3127503,85.19
3127602,93.42
3127701,94.95
3127800,83.91
3127909,93.93
3128006,92.12
3128105,93.77
3128204,87.56
3128253,87.77
3128303,92.8
3128402,92.42
3128501,93.31
3128600,93.3
3128709,95.25
3128808,92.11
3128907,93.73
3129004,90.77
3129103,88.84
3129202,89.76
3129301,89.81
3129400,89.01
3129509,94.44
3129608,87.89
3129657,79.25
3129707,92.71
3129806,95.75
3129905,91.75
3130002,93.07
3130051,87.57
3130101,95.21
3130200,93.94
3130309,95.7
3130408,94.42
3130507,93.54
3130556,87.07
3130606,94.41
3130655,74.21
3130705,91.14
3130804,93.74
3130903,89.92
3131000,94.39
3131109,90.73
3131158,91.6
3131208,89.79
3131307,96.4
3131406,89.61
3131505,91.53
3131604,94.22
3131703,95.38
3131802,87.71
3131901,96.97
3132008,88.52
3132107,85.08
3132206,94.57
3132305,79.76
3132404,97.29
3132503,86.11
3132602,93.05
3132701,83.8
3132800,86.33
3132909,94.27
3133006,96.87
3133105,96.39
3133204,88.12
3133303,84.26
3133402,94.39
3133501,93.1
3133600,94.05
3133709,94.13
3133758,96.92
3133808,97.32
3133907,87.77
3134004,83.82
3134103,88.06
3134202,94.1
3134301,95.0
3134400,93.56
3134509,93.87
3134608,92.9
3134707,81.4
3134806,92.09
3134905,95.53
3135001,91.45
3135050,87.57
3135076,82.65
3135100,90.65
3135209,88.39
3135308,95.28
3135357,82.73
3135407,93.81
3135456,81.67
3135506,87.97
3135605,86.04
3135704,92.18
3135803,82.59
3135902,90.89
3136009,78.9
3136108,87.68
3136207,97.14
3136306,92.78
3136405,86.91
3136504,84.0
3136520,86.89
3136553,85.43
3136579,81.69
3136603,90.68
3136652,94.9
3136702,97.77
3136801,87.97
3136900,95.37
3136959,84.58
3137007,78.08
3137106,91.76
3137205,95.42
3137304,87.63
3137403,95.29
3137502,93.97
3137536,91.7
3137601,97.57
3137700,89.09
3137809,95.75
3137908,91.97
3138005,96.19
3138104,89.48
3138203,97.46
3138302,90.08
3138351,87.1
3138401,95.16
3138500,89.22
3138609,93.33
3138625,93.97
3138658,83.92
3138674,89.84
3138682,87.47
3138708,93.76
3138807,94.52
3138906,84.43
3139003,94.34
3139102,92.73
3139201,82.38
3139250,77.74
3139300,83.84
3139409,94.88
3139508,91.88
3139607,88.48
3139706,94.25
3139805,94.17
3139904,94.15
3140001,95.47
3140100,86.95
3140159,95.22
3140209,91.17
3140308,90.62
3140407,93.02
3140506,93.54
3140530,88.98
3140555,81.1
3140605,82.41
3140704,94.57
3140803,95.52
3140852,80.55
3140902,87.97
3141009,82.79
3141108,95.95
3141207,89.62
3141306,95.07
3141405,84.6
3141504,83.21
3141603,89.96
3141702,87.82
3141801,81.23
3141900,93.31
3142007,87.49
3142106,88.18
3142205,94.17
3142254,79.59
3142304,94.07
3142403,94.75
3142502,86.54
3142601,91.76
3142700,82.86
3142809,91.77
3142908,81.85
3143005,93.1
3143104,93.74
3143153,79.84
3143203,92.05
3143302,95.67
3143401,95.35
3143450,82.19
3143500,94.04
3143609,89.36
3143708,84.61
3143807,92.23
3143906,95.14
3144003,87.75
3144102,95.81
3144201,82.17
3144300,89.18
3144359,89.97
3144375,90.95
3144409,92.88
3144508,94.54
3144607,92.37
3144656,77.43
3144672,83.04
3144706,94.11
3144805,97.95
3144904,83.1
3145000,94.29
3145059,85.25
3145109,93.59
3145208,96.25
3145307,78.88
3145356,77.43
3145372,85.87
3145406,89.34
3145455,87.91
3145505,91.3
3145604,95.41
3145703,87.62
3145802,90.07
3145851,88.61
3145877,88.96
3145901,96.45
3146008,94.18
3146107,96.35
3146206,83.86
3146255,79.9
3146305,83.85
3146404,93.23
3146503,95.63
3146552,76.46
3146602,91.87
3146701,91.6
3146750,78.34
3146909,93.33
3147006,95.24
3147105,96.85
3147204,94.72
3147303,94.82
3147402,95.24
3147501,82.72
3147600,96.11
3147709,94.65
3147808,91.7
3147907,96.1
3147956,82.45
3148004,96.65
3148103,94.83
3148202,93.6
3148301,91.79
3148400,86.91
3148509,80.98
3148608,84.99
3148707,86.14
3148756,88.84
3148806,86.29
3148905,93.27
3149002,91.29
3149101,92.52
3149150,81.75
3149200,94.59
3149309,96.37
3149408,91.89
3149507,95.98
3149606,93.85
3149705,93.88
3149804,93.21
3149903,94.76
3149952,87.99
3150000,80.81
3150109,93.38
3150158,88.4
3150208,88.34
3150307,89.93
3150406,90.16
3150505,93.59
3150539,87.31
3150570,86.3
3150604,91.95
3150703,91.89
3150802,89.11
3150901,92.11
3151008,95.58
3151107,93.94
3151206,95.3
3151305,94.38
3151404,95.16
3151503,95.89
3151602,94.25
3151701,95.02
3151800,97.76
3151909,86.97
3152006,92.67
3152105,95.03
3152131,85.09
3152170,81.04
3152204,83.54
3152303,91.45
3152402,83.19
3152501,97.1
3152600,95.29
3152709,94.74
3152808,92.9
3152907,94.95
3153004,90.59
3153103,89.48
3153202,86.83
3153301,90.96
3153400,92.37
3153509,93.12
3153608,95.99
3153707,90.58
3153806,93.3
3153905,96.33
3154002,89.58
3154101,93.81
3154150,91.71
3154200,95.27
3154309,89.73
3154408,93.24
3154457,88.15
3154507,84.4
3154606,95.16
3154705,97.23
3154804,95.42
3154903,92.27
3155009,89.86
3155108,79.36
3155207,87.69
3155306,93.5
3155405,92.84
3155504,94.27
3155603,82.18
3155702,93.48
3155801,94.44
3155900,90.25
3156007,82.55
3156106,93.61
3156205,92.86
3156304,95.15
3156403,93.61
3156452,89.83
3156502,78.5
3156601,83.12
3156700,96.18
3156809,87.68
3156908,95.28
3157005,87.58
3157104,81.4
3157203,95.3
3157252,90.69
3157278,90.62
3157302,90.64
3157336,95.79
3157377,77.94
3157401,90.99
3157500,83.62
3157609,86.09
3157658,79.15
3157708,93.68
3157807,96.3
3157906,91.71
3158003,90.5
3158102,79.17
3158201,83.3
3158300,92.56
3158409,92.9
3158508,87.81
3158607,93.59
3158706,88.1
3158805,89.66
3158904,88.45
3158953,96.42
3159001,92.19
3159100,91.73
3159209,94.34
3159308,91.54
3159357,90.09
3159407,89.52
3159506,86.73
3159605,94.47
3159704,88.94
3159803,91.78
3159902,90.47
3160009,91.09
3160108,90.95
3160207,79.34
3160306,77.1
3160405,95.23
3160454,76.71
3160504,88.86
3160603,89.28
3160702,94.94
3160801,90.51
3160900,96.09
3160959,89.18
3161007,90.96
3161056,83.96
3161106,87.49
3161205,89.29
3161304,92.26
3161403,88.87
3161502,92.11
3161601,84.23
3161650,84.56
3161700,90.9
3161809,95.12
3161908,93.49
3162005,94.44
3162104,94.59
3162203,94.58
3162252,88.69
3162302,93.7
3162401,78.3
3162450,79.98
3162500,97.24
3162559,90.98
3162575,86.72
3162609,87.29
3162658,82.91
3162708,79.35
3162807,88.61
3162906,96.81
3162922,93.48
3162948,94.61
3162955,96.59
3163003,83.65
3163102,93.68
3163201,95.72
3163300,84.14
3163409,90.42
3163508,85.52
3163607,89.91
3163706,97.36
3163805,88.93
3163904,93.29
3164001,90.09
3164100,86.21
3164209,89.86
3164308,94.25
3164407,91.07
3164431,92.2
3164472,85.53
3164506,82.32
3164605,93.18
3164704,95.33
3164803,91.67
3164902,95.74
3165008,94.75
3165107,92.5
3165206,91.87
3165305,94.7
3165404,92.95
3165503,85.68
3165537,96.78
3165552,77.13
3165560,87.74
3165578,92.47
3165602,90.33
3165701,93.08
3165800,93.9
3165909,83.47
3166006,90.94
3166105,84.07
3166204,91.9
3166303,86.58
3166402,94.65
3166501,77.69
3166600,91.04
3166709,85.09
3166808,94.45
3166907,91.12
3166956,82.29
3167004,88.52
3167103,87.54
3167202,97.0
3167301,89.64
3167400,89.22
3167509,94.35
3167608,88.34
3167707,85.31
3167806,94.25
3167905,88.78
3168002,86.29
3168051,85.67
3168101,94.8
3168200,90.74
3168309,90.37
3168408,87.98
3168507,90.89
3168606,90.95
3168705,96.88
3168804,95.65
3168903,94.56
3169000,93.9
3169059,91.25
3169109,90.98
3169208,92.39
3169307,95.03
3169356,94.18
3169406,94.53
3169505,89.04
3169604,93.82
3169703,89.32
3169802,93.01
3169901,96.08
3170008,87.04
3170057,89.91
3170107,96.87
3170206,97.13
3170305,80.41
3170404,94.35
3170438,87.73
3170479,87.89
3170503,88.65
3170529,91.44
3170578,86.28
3170602,95.15
3170651,80.62
3170701,96.81
3170750,94.1
3170800,91.67
3170909,82.13
3171006,95.49
3171030,83.1
3171071,83.37
3171105,91.35
3171154,90.53
3171204,96.42
3171303,95.8
3171402,90.23
3171501,87.17
3171600,85.19
3171709,91.67
3171808,91.42
3171907,83.2
3172004,94.03
3172103,92.61
3172202,93.76
3200102,89.79
3200136,91.47
3200169,85.29
3200201,91.01
3200300,94.21
3200359,87.27
3200409,95.6
3200508,90.43
3200607,95.0
3200706,92.56
3200805,91.39
3200904,89.23
3201001,89.32
3201100,94.11
3201159,85.65
3201209,95.74
3201308,95.47
3201407,94.14
3201506,94.76
3201605,88.72
3201704,92.22
3201803,89.73
3201902,92.82
3202009,88.73
3202108,85.84
3202207,93.37
3202256,91.15
3202306,91.16
3202405,95.8
3202454,87.91
3202504,93.6
3202553,87.54
3202603,94.44
3202652,89.06
3202702,91.58
3202801,92.06
3202900,92.61
3203007,90.31
3203056,90.08
3203106,91.26
3203130,93.27
3203163,89.32
3203205,94.12
3203304,86.15
3203320,92.86
3203346,93.93
3203353,91.46
3203403,90.67
3203502,87.58
3203601,84.97
3203700,88.13
3203809,91.91
3203908,92.31
3204005,87.26
3204054,87.05
3204104,88.22
3204203,95.45
3204252,86.78
3204302,87.37
3204351,91.4
3204401,93.14
3204500,90.2
3204559,93.01
3204609,94.37
3204658,92.32
3204708,93.29
3204807,90.1
3204906,92.78
3204955,92.23
3205002,96.12
3205010,89.57
3205036,93.19
3205069,94.67
3205101,94.41
3205150,90.88
3205176,91.48
3205200,97.44
3205309,97.76
3300100,95.58
3300159,93.66
3300209,95.33
3300225,94.51
3300233,97.21
3300258,96.82
3300308,96.41
3300407,96.95
3300456,96.4
3300506,92.0
3300605,92.73
3300704,96.66
3300803,93.85
3300902,90.64
3300936,93.71
3300951,95.38
3301009,95.06
3301108,93.11
3301157,89.01
3301207,93.78
3301306,95.57
3301405,92.45
3301504,95.73
3301603,89.58
3301702,96.23
3301801,94.98
3301850,95.21
3301876,96.84
3301900,94.85
3302007,95.84
3302056,91.11
3302106,92.26
3302205,94.01
3302254,95.81
3302270,94.42
3302304,91.22
3302403,96.55
3302452,94.28
3302502,95.52
3302601,96.59
3302700,97.34
3302809,96.66
3302858,97.63
3302908,95.93
3303005,92.69
3303104,92.78
3303203,98.08
3303302,98.23
3303401,96.39
3303500,96.35
3303609,96.55
3303708,95.33
3303807,95.29
3303856,91.21
3303906,97.05
3303955,96.34
3304003,94.33
3304102,91.47
3304110,95.88
3304128,94.87
3304144,96.24
3304151,92.61
3304201,96.76
3304300,94.78
3304409,91.59
3304508,92.47
3304524,97.36
3304557,97.67
3304607,89.66
3304706,93.09
3304755,86.7
3304805,92.18
3304904,96.98
3305000,94.31
3305109,97.62
3305133,89.86
3305158,93.61
3305208,96.09
3305307,89.02
3305406,91.83
3305505,95.73
3305554,95.33
3305604,90.44
3305703,88.25
3305752,93.66
3305802,95.07
3305901,89.02
3306008,96.53
3306107,95.31
3306156,89.76
3306206,94.54
3306305,97.63
3500105,96.49
3500204,93.22
3500303,95.03
3500402,96.85
3500501,96.41
3500550,95.64
3500600,98.76
3500709,96.19
3500758,95.41
3500808,94.64
3500907,92.55
3501004,94.99
3501103,94.27
3501152,96.2
3501202,93.51
3501301,95.77
3501400,93.29
3501509,92.71
3501608,98.33
3501707,94.5
3501806,95.45
3501905,96.78
3502002,95.55
3502101,96.26
3502200,95.85
3502309,94.36
3502408,94.36
3502507,97.03
3502606,91.79
3502705,94.01
3502754,94.93
3502804,97.4
3502903,97.01
3503000,95.06
3503109,93.67
3503158,93.72
3503208,97.62
3503307,96.81
3503356,92.48
3503406,96.19
3503505,93.98
3503604,93.72
3503703,94.32
3503802,95.41
3503901,96.45
3503950,90.68
3504008,97.38
3504107,96.55
3504206,94.83
3504305,93.86
3504404,94.77
3504503,96.58
3504602,97.56
3504701,97.07
3504800,96.34
3504909,94.62
3505005,94.22
3505104,92.55
3505203,96.13
3505302,96.05
3505351,91.19
3505401,87.77
3505500,97.62
3505609,93.74
3505708,97.39
3505807,95.8
3505906,96.31
3506003,97.9
3506102,97.31
3506201,94.2
3506300,96.71
3506359,96.46
3506409,95.66
3506508,96.71
3506607,94.09
3506706,92.6
3506805,94.99
3506904,94.29
3507001,96.98
3507100,95.63
3507159,94.21
3507209,94.36
3507308,95.1
3507407,94.2
3507456,96.56
3507506,97.43
3507605,97.28
3507704,92.22
3507753,93.68
3507803,96.82
3507902,96.8
3508009,93.87
3508108,94.49
3508207,94.85
3508306,93.76
3508405,96.3
3508504,97.07
3508603,96.49
3508702,94.72
3508801,94.25
3508900,92.84
3509007,97.25
3509106,92.93
3509205,96.53
3509254,93.55
3509304,94.68
3509403,95.16
3509452,94.63
3509502,97.59
3509601,96.77
3509700,96.46
3509809,93.27
3509908,95.28
3509957,95.86
3510005,95.31
3510104,94.55
3510153,93.68
3510203,94.21
3510302,95.58
3510401,96.91
3510500,96.49
3510609,96.62
3510708,93.44
3510807,95.98
3510906,92.98
3511003,93.53
3511102,96.8
3511201,95.05
3511300,96.8
3511409,95.42
3511508,97.68
3511607,95.54
3511706,95.24
3511904,93.8
3512001,95.48
3512100,92.55
3512209,93.88
3512308,96.19
3512407,97.08
3512506,95.78
3512605,91.25
3512704,94.86
3512803,96.64
3512902,94.0
3513009,96.94
3513108,95.88
3513207,94.3
3513306,94.57
3513405,97.74
3513504,95.45
3513603,93.26
3513702,96.19
3513801,96.78
3513850,90.72
3513900,95.06
3514007,90.77
3514106,94.19
3514205,92.44
3514304,95.13
3514403,96.53
3514502,95.73
3514601,96.08
3514700,94.69
3514809,92.38
3514908,94.67
3514924,93.67
3514957,93.81
3515004,95.75
3515103,95.43
3515129,92.43
3515152,94.26
3515186,96.01
3515194,91.66
3515202,94.05
3515301,92.42
3515350,88.36
3515400,95.36
3515509,96.22
3515608,93.65
3515657,94.95
3515707,96.15
3515806,91.82
3515905,93.7
3516002,94.71
3516101,93.24
3516200,97.88
3516309,94.88
3516408,95.96
3516507,94.75
3516606,93.43
3516705,95.89
3516804,90.92
3516853,94.26
3516903,93.79
3517000,94.52
3517109,94.08
3517208,95.56
3517307,92.83
3517406,96.07
3517505,95.26
3517604,91.3
3517703,93.72
3517802,93.2
3517901,93.48
3518008,91.89
3518107,92.76
3518206,95.22
3518305,95.21
3518404,97.67
3518503,95.07
3518602,94.05
3518701,96.15
3518800,96.78
3518859,93.33
3518909,90.03
3519006,94.53
3519055,96.51
3519071,96.93
3519105,96.52
3519204,93.42
3519253,94.63
3519303,95.08
3519402,94.85
3519501,94.59
3519600,96.45
3519709,93.94
3519808,95.39
3519907,95.12
3520004,94.19
3520103,94.84
3520202,92.85
3520301,94.18
3520400,96.72
3520426,95.84
3520442,96.63
3520509,97.88
3520608,95.47
3520707,91.57
3520806,94.03
3520905,95.44
3521002,95.97
3521101,95.56
3521150,95.98
3521200,93.31
3521309,94.77
3521408,97.13
3521507,92.93
3521606,94.2
3521705,94.59
3521804,93.88
3521903,95.56
3522000,94.82
3522109,95.92
3522158,90.08
3522208,95.52
3522307,96.87
3522406,95.59
3522505,96.31
3522604,96.41
3522653,90.09
3522703,95.15
3522802,92.35
3522901,94.82
3523008,93.28
3523107,95.3
3523206,95.61
3523305,93.93
3523404,97.41
3523503,94.27
3523602,96.51
3523701,93.82
3523800,94.21
3523909,96.51
3524006,97.41
3524105,95.44
3524204,95.01
3524303,96.57
3524402,97.3
3524501,93.43
3524600,94.44
3524709,97.5
3524808,96.27
3524907,94.16
3525003,96.95
3525102,96.11
3525201,96.08
3525300,96.92
3525409,94.33
3525508,93.62
3525607,90.98
3525706,95.96
3525805,93.8
3525854,96.27
3525904,97.98
3526001,95.28
3526100,93.08
3526209,92.18
3526308,93.87
3526407,96.6
3526506,96.52
3526605,95.69
3526704,95.38
3526803,96.56
3526902,97.2
3527009,96.52
3527108,97.01
3527207,97.24
3527256,89.82
3527306,96.53
3527405,95.01
3527504,93.24
3527603,95.66
3527702,92.51
3527801,91.68
3527900,93.78
3528007,94.94
3528106,94.62
3528205,93.59
3528304,94.16
3528403,96.15
3528502,95.82
3528601,95.21
3528700,93.58
3528809,94.84
3528858,94.9
3528908,94.75
3529005,97.37
3529104,89.71
3529203,94.09
3529302,96.26
3529401,96.74
3529500,94.81
3529609,94.34
3529658,88.97
3529708,92.55
3529807,94.11
3529906,92.09
3530003,94.57
3530102,95.27
3530201,91.74
3530300,97.18
3530409,95.3
3530508,96.42
3530607,97.07
3530706,97.19
3530805,96.95
3530904,92.93
3531001,94.22
3531100,96.17
3531209,95.79
3531308,96.69
3531407,96.21
3531506,95.2
3531605,92.54
3531704,91.9
3531803,95.58
3531902,94.85
3532009,96.36
3532058,93.0
3532108,94.34
3532157,92.51
3532207,93.9
3532306,89.4
3532405,92.91
3532504,95.08
3532603,94.4
3532702,92.91
3532801,95.4
3532827,92.23
3532843,94.22
3532868,95.9
3532900,94.53
3533007,94.67
3533106,89.96
3533205,96.12
3533254,94.59
3533304,93.87
3533403,97.87
3533502,94.66
3533601,95.47
3533700,93.72
3533809,94.9
3533908,96.55
3534005,94.29
3534104,95.81
3534203,93.96
3534302,96.45
3534401,97.19
3534500,94.17
3534609,96.3
3534708,96.76
3534757,94.47
3534807,91.79
3534906,95.09
3535002,93.53
3535101,93.13
3535200,93.94
3535309,96.0
3535408,93.33
3535507,95.39
3535606,93.34
3535705,94.06
3535804,94.31
3535903,93.23
3536000,93.28
3536109,94.75
3536208,95.07
3536257,93.28
3536307,95.84
3536406,94.79
3536505,97.81
3536570,92.4
3536604,92.76
3536703,95.39
3536802,92.72
3536901,94.25
3537008,94.0
3537107,96.74
3537156,95.07
3537206,92.67
3537305,96.81
3537404,94.57
3537503,95.24
3537602,95.99
3537701,92.93
3537800,95.42
3537909,94.89
3538006,97.42
3538105,95.0
3538204,96.2
3538303,92.15
3538501,96.71
3538600,94.53
3538709,97.62
3538808,96.7
3538907,94.79
3539004,94.89
3539103,95.39
3539202,95.6
3539301,96.92
3539400,96.52
3539509,94.49
3539608,92.08
3539707,93.45
3539806,97.35
3539905,93.71
3540002,96.42
3540101,95.23
3540200,94.14
3540259,89.36
3540309,91.58
3540408,91.74
3540507,94.67
3540606,96.45
3540705,96.16
3540754,95.25
3540804,95.63
3540853,95.97
3540903,94.3
3541000,97.3
3541059,91.48
3541109,93.86
3541208,95.48
3541307,95.16
3541406,97.54
3541505,95.29
3541604,96.37
3541653,94.35
3541703,93.0
3541802,92.98
3541901,95.38
3542008,94.62
3542107,95.72
3542206,95.09
3542305,92.09
3542404,95.61
3542503,93.4
3542602,96.37
3542701,95.33
3542800,91.18
3542909,93.1
3543006,90.9
3543105,92.77
3543204,93.35
3543238,91.67
3543253,91.52
3543303,97.18
3543402,97.95
3543501,91.36
3543600,95.45
3543709,94.06
3543808,94.03
3543907,97.43
3544004,96.6
3544103,95.79
3544202,92.59
3544251,94.18
3544301,96.75
3544400,92.08
3544509,95.71
3544608,94.38
3544707,91.11
3544806,93.54
3544905,96.85
3545001,94.04
3545100,89.89
3545159,97.91
3545209,97.41
3545308,96.65
3545407,92.73
3545506,94.51
3545605,95.62
3545704,92.83
3545803,97.41
3546009,94.99
3546108,93.69
3546207,96.29
3546256,95.67
3546306,94.12
3546405,96.51
3546504,95.12
3546603,96.25
3546702,96.79
3546801,94.57
3546900,93.83
3547007,93.38
3547106,93.69
3547205,92.45
3547304,97.01
3547403,92.45
3547502,96.48
3547601,96.62
3547650,94.95
3547700,95.94
3547809,97.99
3547908,95.64
3548005,96.26
3548054,94.25
3548104,93.99
3548203,95.67
3548302,93.23
3548401,93.0
3548500,98.4
3548609,96.19
3548708,97.6
3548807,98.84
3548906,97.5
3549003,91.49
3549102,97.27
3549201,91.63
3549250,92.63
3549300,94.15
3549409,96.53
3549508,93.24
3549607,92.14
3549706,96.9
3549805,97.84
3549904,97.86
3549953,93.56
3550001,92.82
3550100,95.44
3550209,94.79
3550308,97.42
3550407,96.47
3550506,93.82
3550605,96.29
3550704,95.62
3550803,95.75
3550902,96.22
3551009,96.77
3551108,95.67
3551207,92.8
3551306,92.94
3551405,94.16
3551504,95.53
3551603,96.46
3551702,96.14
3551801,91.36
3551900,92.42
3552007,91.76
3552106,95.49
3552205,97.92
3552304,93.17
3552403,96.5
3552502,96.61
3552551,92.14
3552601,94.5
3552700,94.02
3552809,97.23
3552908,94.26
3553005,95.53
3553104,92.03
3553203,94.34
3553302,96.31
3553401,94.73
3553500,92.67
3553609,95.76
3553658,92.23
3553708,95.02
3553807,94.77
3553856,93.62
3553906,93.57
3553955,94.33
3554003,97.12
3554102,97.82
3554201,90.6
3554300,93.8
3554409,96.07
3554508,97.55
3554607,93.95
3554656,94.97
3554706,96.22
3554755,91.17
3554805,97.2
3554904,93.49
3554953,94.63
3555000,95.92
3555109,96.43
3555208,92.54
3555307,94.67
3555356,91.9
3555406,96.38
3555505,93.9
3555604,94.65
3555703,93.3
3555802,93.05
3555901,94.01
3556008,95.27
3556107,95.94
3556206,98.05
3556305,95.34
3556354,95.04
3556404,95.64
3556453,96.77
3556503,96.53
3556602,95.93
3556701,98.01
3556800,95.72
3556909,93.18
3556958,91.54
3557006,97.65
3557105,96.7
3557154,93.55
3557204,94.62
3557303,96.36
4100103,88.97
4100202,87.44
4100301,93.28
4100400,96.48
4100459,89.4
4100509,92.76
4100608,92.0
4100707,88.22
4100806,92.24
4100905,90.22
4101002,94.62
4101051,90.27
4101101,91.94
4101150,92.76
4101200,94.51
4101309,93.79
4101408,95.73
4101507,96.36
4101606,94.32
4101655,87.77
4101705,93.43
4101804,97.17
4101853,85.37
4101903,93.48
4102000,94.15
4102109,95.13
4102208,94.84
4102307,96.45
4102406,93.63
4102505,87.21
4102604,93.72
4102703,91.91
4102752,91.89
4102802,92.33
4102901,94.34
4103008,90.11
4103024,90.69
4103040,90.76
4103057,89.77
4103107,94.35
4103156,89.71
4103206,91.32
4103222,94.39
4103305,91.85
4103354,89.18
4103370,89.14
4103404,89.03
4103453,95.17
4103479,86.94
4103503,92.65
4103602,94.75
4103701,95.72
4103800,93.52
4103909,91.89
4103958,93.04
4104006,96.3
4104055,88.37
4104105,94.4
4104204,96.92
4104253,95.85
4104303,95.35
4104402,87.89
4104428,92.56
4104451,91.18
4104501,95.4
4104600,92.2
4104659,96.55
4104709,93.71
4104808,96.83
4104907,95.0
4105003,91.49
4105102,89.94
4105201,86.18
4105300,95.14
4105409,94.19
4105508,95.91
4105607,91.88
4105706,91.99
4105805,96.84
4105904,93.77
4106001,88.12
4106100,91.9
4106209,97.03
4106308,94.15
4106407,95.1
4106456,89.4
4106506,95.51
4106555,87.24
4106571,92.17
4106605,91.89
4106704,91.96
4106803,95.93
4106852,87.03
4106902,98.47
4107009,89.89
4107108,91.43
4107124,85.05
4107157,89.15
4107207,95.99
4107256,93.06
4107306,94.42
4107405,93.08
4107504,91.47
4107520,89.78
4107538,96.43
4107546,88.25
4107553,87.3
4107603,90.28
4107652,97.37
4107702,89.82
4107736,92.89
4107751,89.29
4107801,93.69
4107850,90.56
4107900,94.59
4108007,91.26
4108106,91.86
4108205,93.41
4108304,96.07
4108320,90.63
4108403,96.25
4108452,92.07
4108502,91.5
4108551,83.31
4108601,92.76
4108650,91.32
4108700,86.22
4108809,92.89
4108908,89.49
4108957,94.67
4109005,91.75
4109104,89.0
4109203,91.96
4109302,91.6
4109401,96.13
4109500,90.82
4109609,96.49
4109658,91.9
4109708,91.32
4109757,88.1
4109807,94.89
4109906,90.62
4110003,93.91
4110052,89.15
4110078,90.97
4110102,95.77
4110201,92.76
4110300,88.42
4110409,92.85
4110508,95.13
4110607,92.31
4110656,88.6
4110706,97.02
4110805,87.54
4110904,95.53
4110953,92.81
4111001,87.89
4111100,93.11
4111209,94.68
4111258,93.34
4111308,85.89
4111407,93.89
4111506,92.37
4111555,91.79
4111605,94.43
4111704,91.02
4111803,93.16
4111902,93.76
4112009,95.04
4112108,94.78
4112207,87.24
4112306,91.07
4112405,94.48
4112504,88.78
4112603,90.57
4112702,92.78
4112751,94.19
4112801,94.88
4112900,89.77
4112959,92.31
4113007,94.0
4113106,91.0
4113205,96.12
4113254,86.1
4113304,94.6
4113403,92.12
4113429,88.51
4113452,91.11
4113502,93.99
4113601,94.87
4113700,97.16
4113734,87.75
4113759,86.65
4113809,91.21
4113908,97.1
4114005,92.29
4114104,95.15
4114203,94.68
4114302,95.77
4114351,91.51
4114401,92.34
4114500,91.75
4114609,96.94
4114708,90.3
4114807,95.54
4114906,91.8
4115002,90.19
4115101,87.73
4115200,98.02
4115309,94.03
4115358,97.02
4115408,94.51
4115457,91.43
4115507,92.4
4115606,94.53
4115705,97.02
4115739,84.59
4115754,91.4
4115804,96.47
4115853,96.09
4115903,89.87
4116000,92.09
4116059,95.17
4116109,87.75
4116208,96.14
4116307,93.03
4116406,90.99
4116505,90.95
4116604,89.97
4116703,94.44
4116802,87.26
4116901,94.07
4116950,93.02
4117008,90.13
4117057,92.1
4117107,94.61
4117206,91.17
4117214,84.31
4117222,97.14
4117255,93.03
4117271,86.27
4117297,91.11
4117305,88.27
4117404,91.86
4117453,94.1
4117503,94.85
4117602,93.86
4117701,96.92
4117800,89.51
4117909,95.79
4118006,93.1
4118105,92.78
4118204,97.34
4118303,91.41
4118402,95.47
4118451,96.95
4118501,97.25
4118600,95.84
4118709,96.38
4118808,92.71
4118857,93.33
4118907,92.34
4119004,93.34
4119103,97.35
4119152,97.81
4119202,90.54
4119251,90.51
4119301,91.02
4119400,95.57
4119509,96.0
4119608,93.08
4119657,92.2
4119707,91.1
4119806,94.49
4119905,97.65
4119954,96.91
4120002,92.79
4120101,96.17
4120150,92.99
4120200,92.44
4120309,96.91
4120333,89.32
4120358,92.42
4120408,94.76
4120507,93.04
4120606,94.62
4120655,90.38
4120705,93.62
4120804,97.04
4120853,98.39
4120903,92.06
4121000,88.34
4121109,88.05
4121208,94.73
4121257,87.42
4121307,91.28
4121356,90.33
4121406,94.09
4121505,95.71
4121604,92.55
4121703,89.69
4121752,90.6
4121802,94.6
4121901,88.82
4122008,97.04
4122107,90.47
4122156,93.5
4122172,86.29
4122206,93.14
4122305,97.79
4122404,95.15
4122503,88.07
4122602,92.4
4122651,85.89
4122701,94.56
4122800,91.62
4122909,89.05
4123006,93.24
4123105,91.71
4123204,86.48
4123303,91.47
4123402,93.77
4123501,94.47
4123600,92.0
4123709,92.57
4123808,94.24
4123824,93.47
4123857,90.17
4123907,90.09
4123956,89.21
4124004,88.76
4124020,94.15
4124053,94.73
4124103,93.55
4124202,88.92
4124301,89.67
4124400,92.03
4124509,94.08
4124608,92.29
4124707,85.48
4124806,95.15
4124905,87.51
4125001,88.12
4125100,93.7
4125209,93.9
4125308,92.54
4125357,90.43
4125407,92.78
4125456,88.96
4125506,97.64
4125555,89.51
4125605,96.76
4125704,93.73
4125753,91.19
4125803,90.48
4125902,91.81
4126009,88.21
4126108,93.88
4126207,87.78
4126256,95.92
4126272,92.69
4126306,93.0
4126355,95.42
4126405,93.14
4126504,94.84
4126603,94.26
4126652,94.21
4126678,89.25
4126702,91.64
4126801,92.69
4126900,87.71
4127007,95.57
4127106,95.88
4127205,92.98
4127304,92.2
4127403,93.01
4127502,93.18
4127601,94.62
4127700,96.6
4127809,90.92
4127858,90.17
4127882,87.5
4127908,89.35
4127957,92.55
4127965,91.87
4128005,93.5
4128104,95.81
4128203,97.39
4128302,91.04
4128401,91.68
4128500,93.04
4128534,90.14
4128559,90.4
4128609,93.32
4128625,88.61
4128633,86.55
4128658,93.15
4128708,95.58
4128807,91.01
4200051,93.45
4200101,92.66
4200200,97.11
4200309,97.48
4200408,95.88
4200507,92.52
4200556,94.84
4200606,95.34
4200705,94.01
4200754,97.84
4200804,92.62
4200903,93.12
4201000,91.4
4201109,92.27
4201208,98.44
4201257,95.03
4201273,96.99
4201307,97.0
4201406,97.25
4201505,95.5
4201604,96.26
4201653,91.81
4201703,95.99
4201802,96.54
4201901,97.02
4201950,96.96
4202008,98.81
4202057,96.71
4202073,96.67
4202081,92.81
4202099,92.12
4202107,97.56
4202131,95.61
4202156,92.89
4202206,97.11
4202305,97.15
4202404,98.61
4202438,91.98
4202453,98.12
4202503,94.08
4202537,93.56
4202578,93.1
4202602,94.41
4202701,97.27
4202800,97.53
4202859,97.14
4202875,91.72
4202909,98.15
4203006,96.42
4203105,94.71
4203154,90.9
4203204,97.85
4203253,92.29
4203303,96.76
4203402,89.63
4203501,91.47
4203600,95.95
4203709,94.3
4203808,97.01
4203907,96.28
4203956,97.46
4204004,96.16
4204103,92.23
4204152,93.03
4204178,88.27
4204194,94.85
4204202,97.29
4204251,98.13
4204301,97.07
4204350,96.13
4204400,93.92
4204459,89.68
4204509,97.63
4204558,93.96
4204608,98.03
4204707,96.78
4204756,96.84
4204806,94.74
4204905,94.97
4205001,93.2
4205100,96.79
4205159,96.6
4205175,91.48
4205191,94.67
4205209,94.94
4205308,94.88
4205357,88.27
4205407,98.64
4205431,93.4
4205456,97.13
4205506,95.71
4205555,94.1
4205605,88.36
4205704,95.99
4205803,95.49
4205902,97.99
4206009,95.2
4206108,96.94
4206207,97.13
4206306,97.82
4206405,95.72
4206504,97.8
4206603,94.72
4206652,94.65
4206702,96.82
4206751,96.61
4206801,95.0
4206900,97.64
4207007,97.39
4207106,96.16
4207205,93.15
4207304,96.77
4207403,96.17
4207502,98.03
4207577,98.07
4207601,97.06
4207650,97.22
4207684,92.17
4207700,95.65
4207759,95.68
4207809,94.88
4207858,92.23
4207908,94.46
4208005,95.47
4208104,96.68
4208203,98.12
4208302,98.14
4208401,97.81
4208450,97.61
4208500,96.96
4208609,95.34
4208708,95.01
4208807,96.92
4208906,98.56
4208955,94.94
4209003,97.5
4209102,98.43
4209151,96.2
4209177,92.86
4209201,96.69
4209300,96.41
4209409,97.1
4209458,94.19
4209508,97.31
4209607,97.01
4209706,91.95
4209805,91.75
4209854,95.53
4209904,96.42
4210001,96.92
4210035,98.19
4210050,94.44
4210100,97.56
4210209,94.47
4210308,95.06
4210407,96.69
4210506,97.14
4210555,93.08
4210605,97.29
4210704,92.23
4210803,95.98
4210852,94.41
4210902,95.56
4211009,96.61
4211058,91.9
4211108,95.35
4211207,96.43
4211256,94.22
4211306,97.31
4211405,95.6
4211454,95.56
4211504,96.83
4211603,97.39
4211652,94.28
4211702,97.27
4211751,95.68
4211801,96.61
4211850,92.72
4211876,92.33
4211892,91.26
4211900,97.74
4212007,92.3
4212056,93.1
4212106,95.75
4212205,96.1
4212239,93.44
4212254,97.46
4212270,92.14
4212304,93.75
4212403,96.81
4212502,97.85
4212601,97.3
4212650,95.67
4212700,95.6
4212809,97.49
4212908,96.61
4213005,97.43
4213104,96.57
4213153,92.44
4213203,98.63
4213302,92.85
4213351,92.73
4213401,93.34
4213500,97.69
4213609,97.35
4213708,96.19
4213807,94.83
4213906,96.94
4214003,97.96
4214102,92.33
4214151,94.97
4214201,94.99
4214300,96.16
4214409,95.76
4214508,95.18
4214607,97.36
4214706,98.13
4214805,98.03
4214904,98.84
4215000,96.66
4215059,93.54
4215075,93.9
4215109,96.67
4215208,92.72
4215307,96.76
4215356,92.02
4215406,95.58
4215455,96.37
4215505,94.18
4215554,96.24
4215604,96.92
4215653,95.72
4215679,96.58
4215687,90.99
4215695,94.48
4215703,97.26
4215752,91.03
4215802,98.28
4215901,97.77
4216008,96.47
4216057,92.97
4216107,93.13
4216206,97.56
4216255,99.1
4216305,97.81
4216354,96.25
4216404,95.29
4216503,95.43
4216602,98.31
4216701,96.47
4216800,91.33
4216909,95.33
4217006,97.61
4217105,97.69
4217154,93.92
4217204,96.69
4217253,96.45
4217303,97.36
4217402,98.01
4217501,96.13
4217550,95.93
4217600,97.02
4217709,96.76
4217758,92.62
4217808,97.07
4217907,97.38
4217956,95.37
4218004,96.84
4218103,94.13
4218202,98.57
4218251,92.55
4218301,95.56
4218350,97.65
4218400,96.42
4218509,97.16
4218608,96.7
4218707,97.88
4218756,97.37
4218806,96.82
4218855,93.71
4218905,94.8
4218954,94.31
4219002,97.67
4219101,94.89
4219150,94.22
4219176,94.55
4219200,96.26
4219309,97.57
4219358,96.0
4219408,96.24
4219507,96.59
4219606,95.25
4219705,96.3
4219853,95.41
4220000,96.56
4300034,96.41
4300059,96.04
4300109,95.48
4300208,96.92
4300307,94.27
4300406,95.79
4300455,93.8
4300471,97.14
4300505,91.43
4300554,95.06
4300570,98.44
4300604,97.38
4300638,93.03
4300646,92.6
4300661,95.67
4300703,97.05
4300802,96.9
4300851,94.57
4300877,96.97
4300901,96.86
4301008,98.35
4301057,97.76
4301073,96.65
4301107,95.58
4301206,94.2
4301305,94.29
4301404,95.31
4301503,97.32
4301552,97.24
4301602,96.54
4301636,95.82
4301651,97.41
4301701,96.92
4301750,92.18
4301800,93.7
4301859,93.83
4301875,95.75
4301909,94.95
4301925,95.63
4301958,96.64
4302006,88.43
4302055,88.14
4302105,98.39
4302154,95.4
4302204,98.18
4302220,96.12
4302238,97.02
4302253,95.62
4302303,93.64
4302352,98.72
4302378,91.69
4302402,97.04
4302451,92.28
4302501,92.75
4302584,96.31
4302600,91.23
4302659,96.45
4302709,94.66
4302808,94.26
4302907,93.81
4303004,95.21
4303103,98.19
4303202,93.97
4303301,95.91
4303400,95.65
4303509,95.2
4303558,96.27
4303608,96.35
4303673,95.93
4303707,97.88
4303806,95.77
4303905,98.18
4304002,91.82
4304101,93.49
4304200,94.11
4304309,97.13
4304358,95.51
4304408,97.54
4304507,93.95
4304606,98.19
4304614,93.33
4304622,93.52
4304630,97.74
4304655,97.02
4304663,95.1
4304671,95.74
4304689,95.56
4304697,96.11
4304705,97.12
4304713,92.81
4304804,98.11
4304853,97.23
4304903,97.77
4304952,94.25
4305009,95.79
4305108,98.36
4305116,97.82
4305124,92.45
4305132,90.5
4305157,88.71
4305173,92.98
4305207,97.05
4305306,96.74
4305355,96.96
4305371,93.73
4305405,95.4
4305439,98.36
4305447,92.97
4305454,96.78
4305504,96.08
4305587,98.3
4305603,95.92
4305702,95.94
4305801,95.61
4305835,95.13
4305850,96.28
4305871,98.03
4305900,91.47
4305934,97.0
4305959,97.78
4305975,95.97
4306007,96.42
4306056,92.82
4306072,91.81
4306106,96.53
4306130,93.97
4306205,96.98
4306304,95.7
4306320,93.32
4306353,90.78
4306379,90.52
4306403,98.63
4306429,89.79
4306452,96.9
4306502,91.41
4306551,97.04
4306601,95.65
4306700,96.6
4306734,96.25
4306759,97.63
4306767,96.49
4306809,97.05
4306908,92.81
4306924,92.45
4306932,95.7
4306957,93.13
4306973,95.13
4307005,97.8
4307054,97.48
4307104,95.0
4307203,91.2
4307302,92.88
4307401,94.04
4307450,93.54
4307500,95.14
4307559,97.64
4307609,98.38
4307708,98.03
4307807,97.99
4307815,95.42
4307831,95.58
4307864,97.57
4307906,98.09
4308003,96.64
4308052,92.05
4308078,95.57
4308102,98.64
4308201,97.89
4308250,95.96
4308300,88.55
4308409,91.81
4308433,94.49
4308458,95.87
4308508,96.6
4308607,98.11
4308656,90.97
4308706,96.71
4308805,94.27
4308854,95.17
4308904,96.98
4309001,95.45
4309050,95.64
4309100,98.52
4309126,86.7
4309159,91.73
4309209,97.59
4309258,96.68
4309308,97.68
4309407,97.44
4309506,95.6
4309555,98.6
4309571,92.09
4309605,97.69
4309654,93.84
4309704,96.95
4309753,93.58
4309803,96.41
4309902,95.48
4309951,92.91
4310009,97.77
4310108,97.61
4310207,97.11
4310306,94.63
4310330,97.86
4310363,98.14
4310405,95.63
4310413,90.72
4310439,95.52
4310462,95.94
4310504,92.0
4310538,96.27
4310553,93.64
4310579,91.36
4310603,95.37
4310652,93.67
4310702,95.22
4310751,94.51
4310801,98.36
4310850,89.96
4310876,89.9
4310900,95.16
4311007,95.76
4311106,96.07
4311122,92.04
4311130,94.72
4311155,94.49
4311205,95.7
4311239,91.59
4311254,83.64
4311270,98.61
4311304,96.09
4311403,97.76
4311429,87.99
4311502,93.56
4311601,90.79
4311627,97.04
4311643,97.69
4311700,93.32
4311718,93.92
4311734,92.56
4311759,94.17
4311775,95.33
4311791,96.67
4311809,98.02
4311908,95.93
4311981,93.45
4312005,94.23
4312054,95.62
4312104,95.49
4312138,94.93
4312153,96.67
4312179,96.89
4312203,95.15
4312252,94.33
4312302,94.19
4312351,93.91
4312377,92.4
4312385,98.62
4312401,97.14
4312427,93.47
4312443,97.17
4312450,94.17
4312476,98.48
4312500,92.48
4312609,96.05
4312617,96.56
4312625,94.4
4312658,97.37
4312674,95.87
4312708,91.62
4312757,95.14
4312807,98.41
4312906,98.41
4312955,98.35
4313003,97.96
4313011,97.9
4313037,96.7
4313060,96.83
4313086,97.85
4313102,97.67
4313201,98.62
4313300,97.95
4313334,96.26
4313359,97.38
4313375,97.03
4313391,94.73
4313409,97.75
4313425,95.05
4313441,92.38
4313466,95.48
4313490,92.86
4313508,97.21
4313607,95.77
4313656,94.86
4313706,93.7
4313805,93.0
4313904,97.91
4313953,92.7
4314001,98.25
4314027,94.13
4314035,98.1
4314050,96.68
4314068,91.18
4314076,96.04
4314100,97.54
4314134,96.74
4314159,96.21
4314175,93.23
4314209,93.6
4314308,97.0
4314407,97.19
4314423,98.56
4314456,92.38
4314464,93.26
4314472,94.86
4314498,91.61
4314506,93.01
4314548,97.63
4314555,90.13
4314605,92.85
4314704,92.17
4314753,97.87
4314779,96.17
4314787,95.98
4314803,97.09
4314902,98.26
4315008,92.98
4315057,94.89
4315073,92.49
4315107,93.36
4315131,91.81
4315149,97.79
4315156,92.4
4315172,95.23
4315206,95.31
4315305,96.17
4315313,94.33
4315321,93.61
4315354,97.58
4315404,90.72
4315453,96.53
4315503,94.78
4315552,89.8
4315602,96.74
4315701,94.31
4315750,93.56
4315800,97.6
4315909,94.61
4315958,93.67
4316006,95.95
4316105,94.41
4316204,96.06
4316303,94.57
4316402,95.07
4316428,93.07
4316436,96.47
4316451,93.35
4316477,98.66
4316501,97.94
4316600,96.72
4316709,95.85
4316733,95.65
4316758,97.87
4316808,97.75
4316907,97.9
4316956,97.95
4316972,90.97
4317004,91.64
4317103,97.12
4317202,97.61
4317251,97.86
4317301,95.91
4317400,96.73
4317509,97.07
4317558,96.58
4317608,94.26
4317707,92.91
4317756,96.57
4317806,93.96
4317905,97.54
4317954,92.77
4318002,94.88
4318051,97.44
4318101,93.38
4318200,95.24
4318309,94.23
4318408,94.36
4318424,93.95
4318432,97.62
4318440,97.61
4318457,92.21
4318465,89.77
4318481,98.27
4318499,97.24
4318507,88.26
4318606,94.85
4318614,98.2
4318622,96.12
4318705,97.62
4318804,96.05
4318903,95.7
4319000,97.96
4319109,95.94
4319125,92.53
4319158,94.84
4319208,89.74
4319307,94.97
4319356,97.32
4319364,91.63
4319372,98.11
4319406,96.23
4319505,97.0
4319604,94.47
4319703,92.08
4319711,98.31
4319737,90.71
4319752,98.67
4319802,95.49
4319901,97.24
4320008,97.36
4320107,96.98
4320206,95.13
4320230,93.13
4320263,91.67
4320305,97.21
4320321,95.33
4320354,93.63
4320404,97.85
4320453,90.83
4320503,96.93
4320552,95.31
4320578,95.72
4320602,96.74
4320651,96.33
4320677,94.46
4320701,95.28
4320800,94.51
4320859,94.66
4320909,97.71
4321006,95.44
4321105,94.33
4321204,96.73
4321303,95.49
4321329,94.87
4321352,91.49
4321402,94.24
4321436,95.46
4321451,98.63
4321469,96.42
4321477,94.01
4321493,95.88
4321501,97.16
4321600,97.57
4321626,97.19
4321634,97.08
4321667,96.74
4321709,96.84
4321808,97.05
4321832,92.26
4321857,93.72
4321907,96.49
4321956,93.11
4322004,95.68
4322103,96.21
4322152,85.05
4322186,94.05
4322202,95.42
4322251,98.48
4322301,96.85
4322327,94.24
4322343,96.71
4322350,96.81
4322376,93.82
4322400,97.13
4322509,97.01
4322525,93.52
4322533,95.01
4322541,98.21
4322558,95.11
4322608,96.35
4322707,96.94
4322806,98.37
4322855,95.95
4322905,95.57
4323002,97.1
4323101,91.75
4323200,98.04
4323309,97.46
4323358,96.0
4323408,96.3
4323457,93.97
4323507,94.49
4323606,97.93
4323705,95.96
4323754,93.28
4323770,98.95
4323804,97.99
5000203,93.95
5000252,91.26
5000609,91.53
5000708,91.02
5000807,91.49
5000856,91.52
5000906,89.2
5001003,93.33
5001102,93.3
5001243,88.88
5001508,92.7
5001904,93.47
5002001,90.6
5002100,92.74
5002159,91.11
5002209,93.42
5002308,93.47
5002407,92.01
5002605,93.63
5002704,97.09
5002803,92.71
5002902,92.6
5002951,96.77
5003108,91.33
5003157,84.96
5003207,95.35
5003256,93.35
5003306,92.47
5003454,91.68
5003488,90.45
5003504,92.3
5003702,95.97
5003751,90.74
5003801,92.38
5003900,90.98
5004007,91.61
5004106,91.3
5004304,89.39
5004403,91.51
5004502,92.25
5004601,89.6
5004700,93.47
5004809,84.97
5004908,92.89
5005004,93.22
5005103,91.36
5005152,89.24
5005202,95.86
5005251,90.63
5005400,95.6
5005608,90.76
5005681,91.23
5005707,92.71
5005806,91.86
5006002,93.61
5006200,94.04
5006259,89.7
5006275,92.81
5006309,92.5
5006358,86.01
5006408,89.45
5006606,94.09
5006903,90.99
5007109,93.51
5007208,93.65
5007307,91.34
5007406,90.87
5007505,90.76
5007554,91.54
5007695,95.74
5007703,87.34
5007802,92.97
5007901,93.72
5007935,91.81
5007950,84.4
5007976,88.77
5008008,92.73
5008305,96.17
5008404,89.81
5100102,89.57
5100201,94.41
5100250,94.2
5100300,92.02
5100359,91.59
5100409,94.13
5100508,90.6
5100607,94.44
5100805,88.4
5101001,91.3
5101209,87.09
5101258,90.57
5101308,90.5
5101407,94.66
5101605,85.46
5101704,90.7
5101803,95.69
5101852,93.6
5101902,92.96
5102504,92.24
5102603,83.82
5102637,95.7
5102678,95.51
5102686,94.15
5102694,91.09
5102702,94.28
5102793,87.71
5102850,91.54
5103007,90.16
5103056,93.32
5103106,89.4
5103205,93.13
5103254,92.51
5103304,91.47
5103353,93.34
5103361,91.0
5103379,91.77
5103403,96.73
5103437,89.22
5103452,88.62
5103502,93.62
5103601,88.76
5103700,93.56
5103809,91.0
5103858,90.22
5103908,90.06
5103957,89.13
5104104,94.03
5104203,90.73
5104500,89.29
5104526,95.83
5104542,93.66
5104559,89.91
5104609,93.53
5104807,93.35
5104906,82.95
5105002,87.08
5105101,93.07
5105150,93.16
5105176,91.17
5105200,88.8
5105234,84.94
5105259,97.16
5105309,91.3
5105507,91.97
5105580,93.32
5105606,93.21
5105622,91.92
5105903,91.78
5106000,90.34
5106109,87.2
5106158,93.5
5106174,82.43
5106182,89.95
5106190,91.0
5106208,79.79
5106216,91.99
5106224,96.12
5106232,89.2
5106240,93.27
5106257,93.65
5106265,94.7
5106273,88.21
5106281,90.27
5106299,91.15
5106307,93.06
5106315,92.94
5106372,90.46
5106422,90.52
5106455,91.46
5106505,88.88
5106653,94.26
5106703,86.45
5106752,93.29
5106778,91.93
5106802,93.84
5106828,88.18
5106851,77.76
5107008,89.46
5107040,96.81
5107065,95.1
5107107,90.8
5107156,89.31
5107180,91.65
5107198,91.28
5107206,88.49
5107248,93.75
5107263,88.46
5107297,88.61
5107305,90.53
5107354,92.59
5107404,87.1
5107578,89.81
5107602,95.44
5107701,86.36
5107743,92.75
5107750,88.99
5107768,93.24
5107776,88.87
5107792,93.53
5107800,89.91
5107859,91.67
5107875,95.6
5107883,90.84
5107909,96.57
5107925,96.0
5107941,92.94
5107958,94.42
5108006,94.79
5108055,91.53
5108105,89.55
5108204,89.07
5108303,90.78
5108352,88.47
5108402,95.52
5108501,92.87
5108600,92.18
5108808,93.1
5108857,91.98
5108907,91.98
5108956,91.02
5200050,94.27
5200100,92.76
5200134,90.7
5200159,89.78
5200175,89.07
5200209,90.8
5200258,94.76
5200308,91.15
5200506,89.05
5200555,93.72
5200605,94.05
5200803,87.2
5200829,88.39
5200852,88.56
5200902,86.84
5201108,96.21
5201207,97.15
5201306,91.86
5201405,96.33
5201454,91.55
5201504,92.8
5201603,88.88
5201702,93.17
5201801,91.4
5202155,84.12
5202353,89.93
5202502,91.29
5202601,89.1
5202809,88.41
5203104,89.54
5203203,91.43
5203302,94.04
5203401,90.04
5203500,91.93
5203559,92.76
5203575,86.76
5203609,92.17
5203807,89.44
5203906,92.92
5203939,89.89
5203962,81.18
5204003,89.97
5204102,91.94
5204201,86.33
5204250,89.52
5204300,92.1
5204409,90.09
5204508,95.56
5204557,93.76
5204607,90.17
5204656,88.94
5204706,94.25
5204805,94.35
5204854,94.58
5204904,89.4
5204953,84.52
5205000,91.68
5205059,81.67
5205109,96.66
5205208,90.14
5205307,84.24
5205406,95.49
5205455,88.57
5205471,96.22
5205497,96.08
5205513,90.91
5205521,88.29
5205703,90.98
5205802,89.88
5205901,94.55
5206206,93.82
5206305,94.44
5206404,90.52
5206503,92.86
5206602,88.56
5206701,87.74
5206800,89.09
5206909,91.83
5207105,90.05
5207253,89.21
5207352,91.48
5207402,91.35
5207501,88.37
5207535,86.41
5207600,90.7
5207808,91.24
5207907,89.33
5208004,94.29
5208103,90.21
5208152,91.56
5208301,86.12
5208400,92.92
5208509,94.8
5208608,93.18
5208707,97.51
5208806,95.21
5208905,91.09
5209101,94.3
5209150,87.01
5209200,91.67
5209291,90.03
5209408,82.26
5209457,85.9
5209606,89.11
5209705,94.96
5209804,90.75
5209903,87.72
5209937,87.53
5209952,91.78
5210000,92.71
5210109,93.18
5210158,91.7
5210208,93.0
5210307,89.38
5210406,92.79
5210562,91.08
5210604,88.41
5210802,90.31
5210901,91.57
5211008,87.3
5211206,90.75
5211305,89.61
5211404,92.56
5211503,94.49
5211602,90.42
5211701,91.96
5211800,92.82
5211909,95.26
5212006,88.22
5212055,86.64
5212105,92.22
5212204,90.87
5212253,94.49
5212303,92.22
5212501,94.19
5212600,89.94
5212709,85.74
5212808,88.38
5212907,92.81
5212956,88.65
5213004,88.26
5213053,83.15
5213087,89.86
5213103,94.94
5213400,90.63
5213509,83.67
5213707,91.16
5213756,92.2
5213772,85.62
5213806,95.13
5213855,89.53
5213905,90.64
5214002,90.85
5214051,86.48
5214101,87.26
5214408,90.89
5214507,93.81
5214606,88.43
5214705,89.59
5214804,93.4
5214838,87.16
5214861,88.56
5214879,91.15
5214903,87.42
5215009,93.68
5215207,90.28
5215231,93.95
5215256,88.76
5215306,94.27
5215405,90.93
5215504,95.78
5215603,90.41
5215652,88.76
5215702,93.63
5215801,93.44
5215900,92.66
5216007,90.0
5216304,89.96
5216403,93.23
5216452,90.87
5216809,91.86
5216908,91.42
5217104,93.4
5217203,90.23
5217302,92.99
5217401,94.82
5217609,92.69
5217708,92.72
5218003,91.82
5218052,90.12
5218102,89.03
5218300,90.61
5218391,91.17
5218508,93.33
5218607,94.43
5218706,90.41
5218789,95.07
5218805,95.33
5218904,92.62
5219001,91.31
5219100,89.61
5219209,89.68
5219258,91.55
5219308,91.36
5219357,87.89
5219407,92.68
5219456,85.32
5219506,88.41
5219605,88.29
5219704,88.84
5219712,86.76
5219738,94.68
5219753,93.09
5219803,84.34
5219902,89.0
5220009,92.88
5220058,91.64
5220108,94.26
5220157,88.5
5220207,89.33
5220264,92.81
5220280,90.54
5220405,91.72
5220454,95.88
5220504,92.82
5220603,94.42
5220686,85.87
5220702,84.46
5221007,91.06
5221080,86.44
5221197,92.73
5221304,93.0
5221403,94.14
5221452,85.19
5221502,89.45
5221551,90.64
5221577,87.29
5221601,92.77
5221700,89.54
5221809,93.73
5221858,97.21
5221908,88.84
5222005,93.45
5222054,90.87
5222203,87.17
5222302,85.68
5300108,97.23
